,index,beta_0,beta_1,beta_2,beta_3,beta_4,beta_5,beta_6,beta_7,beta_8,beta_9,beta_10,beta_11,beta_12,beta_13,diff
0,"Carshalton Road, Carshalton.",74.81772954197695,-0.384571661402844,5.755602434620225,0.11691483070709281,-2.4428986291485533,0.10592853134521259,0.11691483070709281,-0.006914898778961921,-14.974843051452382,-19.114974903575238,-7.563646299031831,-7.065590510627024,-7.675642128261934,-11.91760370096827,0.09901363256625066
1,"Brighton Road, South Croydon.",117.92221746758247,-0.30089354304411176,42.504889060680696,-0.6880031061082527,-0.19134018759007154,-0.39576779701777137,-0.6880031061082527,0.79904872661447,-6.117824561139484,-19.38596548042847,-14.226137792573768,-7.478173062953478,-6.826601242602099,-10.983063596315167,0.40328092959669865
2,"Hook Road, Surbiton",83.06643125779638,-0.10977880972159657,29.985638718847614,-0.4507415727555074,12.419938672438775,-0.4175416867083338,-0.4507415727555074,0.9693544572710885,-5.588744107926111,-10.118454046183817,-8.601861566938197,-0.6331790473579333,4.504706825135708,1.3221740669382003,0.5518127705627547
3,"Central Road, Worcester Park.",163.98635170449086,-0.3519604533699403,1.6146846983702796,-0.38428446245406633,-5.874159090908997,-0.4513240740740422,-0.38428446245406633,2.077487209184524,6.25508500801354,-17.83613103191825,-15.775785838675832,-15.964820002671225,17.11054916933789,3.865369172009072,1.626163135110482
4,"Manor Road, Wallington.",181.68499980377388,-0.6748256771772656,-15.054469775575027,0.3593898150913735,-22.244585137085018,-0.346975709475677,0.3593898150913735,1.4365618908381514,6.484424038312928,-12.251817589724087,-11.171039636653244,-17.734217734993294,-4.646685042784573,5.236404219986365,1.0895861813624745
5,"London Road, North Cheam.",207.7171857134586,0.0040787290988922404,-5.516175030177098,-0.684852083122818,-29.25230952380938,-0.022242183742145444,-0.684852083122818,1.7759431976405038,7.337541564770318,-20.548506114800002,-20.68804854318043,-26.314232604923586,14.00834718825681,2.6560693765135497,1.7537010138983584
6,"Upper Mulgrave Road, Cheam.",70.63552136450542,-0.2450882877299538,-4.221338413060486,0.1271362618910338,-1.181033549783514,-0.31890392015390745,0.1271362618910338,0.8869271641404866,-7.142279022521191,-10.71305772014933,-5.019405130819268,-1.8882786442786503,-6.813051340840401,-11.984631327514135,0.5680232439865791
7,"Oldfields Road, Sutton.",119.71853449623086,-0.7172838239364575,-4.1836334322010105,0.1110260923327347,-4.06080762987012,-0.16489433020680624,0.1110260923327347,1.384069754563138,5.168234325198098,-11.854217502188956,-10.182468716798864,-10.59481508756606,2.621833316732721,-8.393572949867927,1.2191754243563317
8,"London Road + Thornton Road, Thornton Heath.",211.35280184645464,-0.3372387055749175,-14.677470805623738,-0.38509969614050177,-23.482224025973885,0.021903920153960713,-0.38509969614050177,1.614545157084566,14.195600912891068,-0.48610920181954437,-9.727015191927585,-16.32941905429714,7.5589503042970385,15.863942275260714,1.6364490772385267
9,"Red Lion Road, Tolworth.",103.25407714328601,-0.5159021802486282,-4.943430288307722,0.1299422882574747,-1.2145725108224654,-0.05920634920632826,0.1299422882574747,0.7991517382470986,-1.4185033590161715,-6.487651667534319,-0.7216488023226546,-3.2530119011613015,-5.159357890505402,-7.407387656010784,0.7399453890407703
10,"London Road, Thornton Heath.",222.5691837675856,0.06510819764961066,0.06896501526393438,-1.0716770840274699,-11.72344020562751,-0.5578173100047682,-1.0716770840274699,1.9956284571908898,11.889890967706295,2.326783909254801,-14.095539290971054,-25.137450635068856,7.458739697568753,24.187075749304206,1.4378111471861215
11,"London Road (Cricket Green), Mitcham",194.37661801744605,-0.9040581004930693,-16.958540349950738,0.0764900248101937,-51.0609108946608,0.26033489658493386,0.0764900248101937,1.1942850813902826,-1.8241935583229154,-7.075356656301192,-4.047759850007163,-7.29436603611475,-4.845477713885401,-6.042951955548673,1.4546199779752165
12,"Yeading Lane, Hillingdon.",71.5515971092957,-0.5214587325469939,-29.110639018266355,0.25651861242985463,-39.739226190476124,0.12186808561809762,0.25651861242985463,0.9764629692919008,15.545698923600083,13.060755061746166,-0.030465949066831328,-1.1545558912001663,4.365493391200054,12.62734094906666,1.0983310549099985
13,"Staines Road, Feltham.",111.49896971294135,0.0895442264863203,7.8587916833008284,-0.8229701663539677,-15.598257575757536,-0.3040039281705709,-0.8229701663539677,1.4930627494662208,6.587187650228123,3.3161530839340116,-3.775573016818879,-5.226197966742782,11.545989633409386,3.1596876001521124,1.1890588212956499
14,"Richmond Road, Richmond.",194.96360705906056,-0.6361186486727431,-17.106747898844546,0.4028241007538766,-18.772833694083587,0.2886926807760529,0.4028241007538766,0.18557917310104047,3.560021393897488,-23.506647541026027,-11.918052457042975,-14.708809214632625,10.123739770188067,-0.3369822651794589,0.47427185387709336
15,"High Street, Hampton Hill.",118.79996673775598,-0.2819236743582666,-13.581366856682708,0.05415819734065644,-1.0454080086578525,-0.18974807599805577,0.05415819734065644,0.5698970279233081,0.6451705701183823,-8.052911245074032,-14.808759546745694,-12.55292144003951,5.670786023372803,5.660165796745584,0.38014895192525233
16,"Haydon?s Road, Haydons Road.",158.77479335614214,-0.027693170733406002,11.883389756662437,-0.2554931158709935,54.343736471861625,-0.11374248436744658,-0.2554931158709935,-0.1346252389180632,1.8912221542463863,-6.824596897530197,-13.729239248664394,-17.243428218082094,7.030277176415383,4.453718415331011,-0.24836772328550977
17,"Stanley Road, Fulwell.",153.95644274935523,-0.3546846034261435,29.27712761901448,-0.6236431597754466,-20.897297077921962,0.4640918109668416,-0.6236431597754466,1.5027902379053166,-4.682110282437699,-20.394970171510682,-9.922212936708366,-8.512668968354179,-1.6349221774792453,-5.031107375791773,1.9668820488721583
18,"Kingston Road (Westbury Road, Sandal Road), New Malden.",77.8520073604312,0.006348088861888486,27.17979535112742,-0.5742162417188216,-4.9113149350648815,0.0076300705467552184,-0.5742162417188216,1.5995398428731475,-1.0432990586491164,-3.9100129973011617,0.7380674279882472,-3.3188135082280845,4.380532258228067,2.146567988678409,1.6071699134199027
19,"High Road, Bruce Grove, White Hart Lane, Tottenham",383.8099142772613,0.9483440902356872,112.29154459893664,-3.314585865232192,11.309521899668923,-1.5428567891802407,-3.314585865232192,7.6150333870921125,161.63633645000408,-42.52232000928069,-116.57718079510128,-110.96281680686401,56.326542297060286,60.20326841765009,6.072176597911872
20,"Streatham Road, Mitcham Lane (Southcroft Road), Furzedown",216.692898455856,-0.6634511260458131,-13.722754165826016,-0.7144140627406126,-42.24897366522358,-0.28868746993742395,-0.7144140627406126,2.0740362585756618,14.35484306655601,3.1743589390684974,-1.9401210721486901,-9.453437272185512,6.489374772185339,11.145937044370633,1.7853487886382378
21,"London Road, Romford.",364.2971916391004,1.0920209664604128,109.62711598793047,-3.816311762778029,1.653406926406867,-1.5047661375660524,-3.816311762778029,6.470518700792265,71.19828992554052,-15.630725440268344,-34.081307867027355,-49.65311747518016,64.68791955851361,27.979141200360658,4.9657525632262125
22,"Kingston Road (California Road, Dunbar Road), New Malden.",143.2403544881725,-0.17663097528284016,31.370362372928174,-0.8245184805026203,2.022885281385324,-0.2298487253486929,-0.8245184805026203,2.2147909103566468,1.982381801857954,-4.112483757527054,-5.824192034572098,-7.187721017285995,7.495168933952645,-0.056901715427958334,1.9849421850079538
23,"Sheen Road, Richmond.",187.72624678323552,-0.3450845798482325,19.804917082688167,-0.473488316542546,8.111955266955396,-0.509717011383638,-0.473488316542546,2.068443847413078,-9.545177404125885,-17.108277379893295,-4.049742841694024,-9.686156143069187,7.367319337513576,-3.2979134083060884,1.5587268360294402
24,"Eastern Avenue, Newbury Park.",171.91644864633142,-0.6692648689416746,-26.20182165009058,-0.10162878221637385,-42.56127898886821,0.4804318697176188,-0.10162878221637385,1.7849051233331708,14.406086914323195,3.1440811637871353,-1.7570527345489957,-1.2159240607269541,12.540310221441104,12.236121744965425,2.2653369930507896
25,"Pied Heath Road, Hillingdon.",244.27535965899224,-0.4248690797606573,-53.84066045727707,0.14527658707413962,-12.061794733044643,-0.41888949013943694,0.14527658707413962,2.144489000278386,-20.493652656328937,-22.837074314318016,10.80907448913963,10.427993345760273,-13.469238385443026,-31.007400381997147,1.725599510138949
26,"Fulwell, Hampton",134.90247497336952,-0.44090883225495464,19.517313252426476,-0.16260925424821293,-18.044940476190384,0.172500601250627,-0.16260925424821293,1.3289476215791556,-2.30796186492316,-15.768363126288385,-6.182061881718025,-7.341161149192337,-3.1120940591410604,-0.8387063474487612,1.5014482228297825
27,"Strawberry Hill, Twickenham",85.87760132600629,-0.41088351491224145,6.919228096717276,0.7337556922432596,-0.7130005411255714,0.0006105699855892945,0.7337556922432596,1.4930397489936653,-1.7640692853518085,-9.418714143267193,-0.8871048514322276,-1.024737321549391,-11.576304345117281,-19.97383264856786,1.4936503189792547
28,Topsfield Parade.,272.4817326445756,-0.2383325693997805,36.75674175337908,-1.7311323198976916,-39.291493506493346,-0.6845630912297003,-1.7311323198976916,3.9597458397676766,18.075762695064572,-10.365540207646124,-25.909883463376623,-24.493396592799446,23.530028537243755,20.39694943559866,3.2751827485379765
29,"St Margaret?s Road, St Margarets.",184.42012223807967,-0.22110152702190283,0.8101300553441865,0.016250771903327965,8.260932088744799,-0.4021950156324819,0.016250771903327965,0.5857892996379203,-16.811378840569045,-34.403010082240336,-21.97730993962081,-17.77420184481037,4.654019553143639,-9.092677039546016,0.18359428400543837
30,"Coombe Lane + Kingston Road, Raynes Park.",157.45232299386706,-0.4487077145837694,7.528392768435577,-0.6083436875441194,-4.113715986394449,-0.29500025767879834,-0.6083436875441194,1.7475154742917371,-4.385167186990296,-9.972448239508942,-8.654680208673275,-9.468039509098523,0.7088505210032181,-0.5285415175173299,1.4525152166129387
31,"High Street, Hornsey.",185.20377576911272,-0.11346098123122968,35.60569383813321,-1.361894470567931,14.663060966811138,-0.6504407166906737,-1.361894470567931,2.956983589022993,4.111200116147632,-6.070347617751223,-13.97213688298746,-14.654688233160334,9.631250733160273,10.023525771876281,2.3065428723323196
32,"Snakes Lane, Woodford.",97.58812704394022,-0.6088614034284517,-11.44640798598008,0.5012124446785728,-8.65091350826038,0.17918028683336717,0.5012124446785728,0.32941404802975227,-2.3852618515763178,-11.898829350235237,-5.384527813234925,-6.088347027365769,3.4205005137602917,-3.361714746288987,0.5085943348631194
33,"Bath Road, Hounslow West.",175.1075407825972,0.17769767649769644,38.056291308939336,-1.3676287973131716,12.118298160173271,-0.5753382034631579,-1.3676287973131716,1.901458902939103,35.75311485696697,24.10678823842952,-3.636842196311462,-13.016598181489039,36.370178910655625,49.162493237978126,1.3261206994759451
34,"High Road, Seven Kings.",188.5938320733758,-0.31613513380937364,8.01523971990643,-0.8555550598909784,-16.939659767315916,-0.3681546115920717,-0.8555550598909784,2.1069400072545,12.406157481336763,-5.194094296471083,-8.422423672453842,-12.676971113570666,7.6825049677372474,13.6816277740162,1.7387853956624282
35,"High Street, Whitton.",116.5792951136301,-0.04741167643924431,9.613803720713513,-0.446535078065662,-2.6328733766233157,0.09805591630594103,-0.446535078065662,0.8046585402900794,4.692709866739706,-10.370641048282092,-7.937066994493253,-7.8318407889132775,11.408507455579912,3.3182649111598463,0.9027144565960205
36,"Chase Cross Road, Collier Road.",119.04730851544679,-0.5001894802130804,-7.191670049893784,-0.0009932581159018939,-27.177445556144487,0.12410567040671469,-0.0009932581159018939,0.8837536695014846,8.543709570076867,-7.8689849063992865,-6.746401618146613,-9.598966115195786,6.266988011454224,0.9432022133845636,1.0078593399081992
37,"Cartlton Drive, Barkingside",76.606850415586,-0.09155749955848633,1.1957046195664216,-0.33476459397703867,-17.127591991341976,-0.13333273208271662,-0.33476459397703867,0.9330754601149085,3.4606056426788823,-8.509838577600956,-3.8135808451193403,-2.190861603115239,0.7859136864485178,4.081462789563693,0.7997427280321918
38,"Forest Road, Fairlop",78.6421010044061,-0.5605412391169845,-9.793994551164747,0.7155696756236365,12.971838023088065,-0.5431844236010699,0.7155696756236365,0.8318336033686633,11.898128970123874,14.574061551881123,3.1265077699173265,2.6799639544031044,25.196338128930186,9.620280424527062,0.2886491797675934
39,"New North Road, Hainault",100.83789252864025,0.09063481897895125,16.089519813849837,-0.9404315953180471,-15.449117965367948,-0.1674007936507715,-0.9404315953180471,1.296850127211936,2.3840034061073863,-5.312927024927732,-0.42657518740504496,-8.740891760369184,0.5661521770357939,-4.867956062595055,1.1294493335611644
40,"Lancaster Road & Baker Street & Chase Side, Enfield.",108.44956882979874,-0.33454223538315964,6.563957915985351,-0.1721653048384566,-10.848313598166477,-0.13914841694251362,-0.1721653048384566,1.0300806271471543,-6.662716858010036,-14.304662864915992,-5.290572339758108,-6.021955900271199,-2.82231493306217,-7.710454008281201,0.8909322102046406
41,"London Road + St John?s Road, Isleworth.",117.53717904371163,-0.379216366311917,14.734040864336881,-0.23267421813232492,-5.2475974025973,-0.2552012185345302,-0.23267421813232492,0.9191356758900212,-10.791243669648159,-12.918271375620238,-6.958615331345758,-6.968109749006176,-3.880935389882719,-6.847634668654313,0.6639344573554911
42,"Windmill Hill, Enfield.",213.75170087918235,-1.413703483035929,-69.48818443221218,1.6744969804324163,-4.1713924963923725,0.33553791887129003,1.6744969804324163,0.13301604178790727,-8.438808097855397,-23.44058652975961,-15.98176682365219,-17.150605634048315,-3.197484643729562,-16.046444981903683,0.4685539606591973
43,"Heston Road, Heston.",99.46979194471851,-0.2078541473271391,18.42216020534878,-0.29988921690685455,11.29764475108234,-0.3831044071668879,-0.29988921690685455,1.0755692340066976,-9.726983422413,-13.911891304681433,-8.589888655891418,-7.527138338362316,-5.2097757241377,-7.40457748994197,0.6924648268398097
44,"Lady Margaret Road, Greenford.",144.87801912404996,-0.6675260036172787,-2.9029963927122324,-0.3654816691760509,-28.494623685837908,0.1297769875627331,-0.3654816691760509,1.5080841425352212,7.807103176370338,2.512146264602677,-0.7049958675803704,-1.1099867730759418,7.231794808790123,11.949006284246886,1.6378611300979542
45,"Cannon Hill, Southgate",110.86698944316274,-0.646301482312489,-3.732130883782752,0.31629886723233835,-3.3861210317459944,-0.1933320306236746,0.31629886723233835,0.8507801015585739,6.276525365855521,-10.808833961918303,-4.780704410570454,-7.359406024729655,2.172904288618514,1.5836123966814504,0.6574480709348993
46,"Bittacy Hill, Dollis Road, Mill Hill East",102.70525767869816,-0.36775338104836636,-10.27177811852259,0.2545892286781465,-0.039776334776259956,0.21765164876278015,0.2545892286781465,0.17088202759982993,-1.1273599159384078,-4.523881470319108,-2.766221861596724,-7.632459889131691,-4.180040110868382,-0.21300267544042975,0.38853367636261005
47,"Yeading Lane & Church Road, Yeading.",111.07921556898724,-0.47272441990317604,-27.12655053045179,0.34502197566773446,-28.4887758967223,0.24795991376350782,0.34502197566773446,0.4717587721558229,4.994217283945749,-0.3826352972990389,-1.694805570249687,-2.1712123089344235,-0.11097705118474374,2.142759439297121,0.7197186859193307
48,"Masons Hills, Bromley.",152.68067240992923,-0.7954438926318752,-20.70243956639826,0.32396237177209797,-31.869192370129845,0.3501384379509673,0.32396237177209797,0.5259174688614984,-3.744843575835134,-15.538361792541169,-8.039244907776755,-6.421184953888413,-3.4315494211116997,-13.545064988056808,0.8760559068124656
49,"Anerley Road, Anerley.",127.10925746718229,-0.27066677552034085,15.394353118471328,-0.8649244232153405,-10.880043290043211,-0.07536988936986083,-0.8649244232153405,1.457522145008942,7.773050186682072,-2.426081029636547,-2.106773041121502,-2.9677875622274037,7.454818812227348,4.648804291121412,1.382152255639081
50,"Penge Road, Norwood.",95.60927833486805,-0.11692944209009723,-2.1315250256253035,-0.5287700529960951,-14.191166125541082,0.03868235930738073,-0.5287700529960951,0.8440870642515069,9.484104568614688,5.788957362446508,3.0971854959234317,-3.8036858978716466,5.343659856204889,9.55047075407646,0.8827694235588877
51,"Selsdon Park Road, Addington.",72.6789000411062,-0.09105650252307496,-4.8143270530187285,-0.30300545789982086,-21.114449984539235,-0.24831782965710242,-0.30300545789982086,0.9941767952529011,2.1299124674649024,-7.985905600883382,-7.222676019976694,-2.67744664094075,3.6761166558216516,-1.2205531466900805,0.7458589655957988
52,"Chatterton Road, Bromley.",133.72081017967295,-0.2685289237288034,19.281451943904813,-0.4665135682298484,-13.70043560606054,-0.37647516835014205,-0.4665135682298484,1.6444697286144199,-1.3703136704044498,-11.271716492598832,-9.595897657230484,-9.859504818198545,-0.01959674430148022,-2.2976570302696064,1.267994560264278
53,"Western Avenue (Park Royal), Ealing",400.19212585817456,2.207744472958008,144.4400637958612,-6.303999936831245,70.42881132756173,-1.345750962000866,-6.303999936831245,5.586416546416402,71.56392426956162,27.078813836689257,-42.6932238185969,-50.1157525342982,79.4418810065205,95.72924812415269,4.240665584415535
54,"Bromley Road, Shortlands.",85.97041214390778,-0.22587730366210326,5.675174790120268,-0.207528739445233,5.0098737373737725,-0.2537906846240005,-0.207528739445233,0.6614143840240038,-0.4220226575945238,-10.371023276883484,-6.912661978270399,-6.510975086357379,0.8536834196907109,-5.735862327285216,0.40762369940000326
55,"Station Approach, Hayes.",104.67144993538196,-0.20790056464127166,24.694484402412222,-0.5465767510851743,1.0209577922079074,-0.30184523809521957,-0.5465767510851743,1.1268018056504552,-6.394079176543443,-16.670682077341976,-13.191382111471112,-12.044226211985494,-2.0206826421811446,-9.69501111769559,0.8249565675552356
56,"Freemasons Road, Custom House.",201.81087450535418,0.5637925647426458,67.38432771768579,-0.5102965774822318,19.416277056277284,0.2758435545936072,-0.5102965774822318,1.4142670201386502,29.200187512500865,4.027411566095712,-8.258783862500831,-13.897132816667028,20.16666406666684,35.11288542500073,1.6901105747322576
57,"Links Way, Eden Park.",95.17018595368728,-0.6436628377032261,9.444291355250378,-0.008185057628789042,0.3194629329005573,0.08976175444927413,-0.008185057628789042,0.8740871433634253,4.577862797856365,-4.146140359005745,-9.225736656904305,-2.1024516617854627,3.814691245118776,11.315840823570928,0.9638488978126994
58,"High Street, Green Street.",57.25281968260529,-0.028893854222581616,3.9762262452234305,-0.13505551615851757,-3.035605839738457,0.13613194628501876,-0.13505551615851757,0.30131658575936987,-0.6163669504129846,-8.67455363718264,-5.50742947353426,-5.187167649182089,2.3040309570051973,-0.1763130859895964,0.4374485320443886
59,"Whitchurch Lane, Stanmore Marsh, Canons Park",110.66030359876216,-0.33422111212186745,13.564593808663783,-0.17236733273675772,5.511818181818274,-0.2463400673400463,-0.17236733273675772,0.6622864674311666,-6.886302914092595,-18.921369969270355,-13.128141807271703,-13.194201111969155,6.012899028635802,-3.1295144427283703,0.41594640009112027
60,"Blackfen Road, Bexley.",114.67202615796292,-0.2345816061049296,-3.3583782717852904,-0.30010822723847363,-23.865088744588657,-0.16248941798939778,-0.30010822723847363,0.9474318878002759,11.301911120306345,-7.985851321608959,-15.21976366353768,-13.244647456768865,7.535272456768804,13.526586580204224,0.7849424698108781
61,"Headstone Lane, Harrow",81.58899484801255,-0.5929920091591073,13.276136692825396,-0.1931087132241529,-25.40436456400737,0.2845447674019256,-0.1931087132241529,0.5689839407320321,-9.764408196838364,-19.25067077727458,-8.254252422345944,-4.872336404625364,-12.374919919779469,-14.65244400622561,0.8535287081339576
62,"East Lane, North Wembley",126.30723053760725,-0.16137531877739275,14.560207743230423,-0.744359750795426,-18.586906565656438,-0.3555148709315132,-0.744359750795426,1.9178762668455225,-0.37217764454492025,1.5107945992271161,-2.691117681414603,-5.6571039795961955,-2.0546147704038846,11.81177740363672,1.5623613959140092
63,"Uxbridge Road, Ealing Common",137.36727287035973,-0.4807939686476739,0.43051565014772347,-0.1640789263398087,1.4350946969697678,-0.3830450336700051,-0.1640789263398087,2.1276401863243515,11.347025206214447,-0.7926011063403184,-7.50934492914307,-7.347185485404839,7.426872985404815,9.678745970809658,1.7445951526543464
64,"North Ealing, Ealing",82.49146666253644,-0.4781285882741401,5.849848120736081,0.13660337404953496,-15.611102813852773,-0.11789069264067766,0.13660337404953496,0.8241085099111151,-4.792233389724215,-11.225085104947194,-3.3499694068506156,-3.3054534534253017,-5.401317379908072,-11.637166009816154,0.7062178172704374
65,"Chislehurst High Street, Chislehurst.",88.96293768224139,0.19784224157846853,12.725750888355504,-0.6070006303983437,-2.009829545454489,-0.5001704545454362,-0.6070006303983437,1.2761199162679122,2.5193196529792963,-15.567839903497378,-13.358582893652944,-9.605202905159786,10.426036238493106,5.21984591448623,0.775949461722476
66,"Barnehurst Road, Bexleyheath",87.36255212982138,-0.44302312835419727,-6.894146163580395,-0.07471595026282339,-30.572375541125545,-0.02018698893697211,-0.07471595026282339,0.8669022619680241,5.400674180719575,-4.514309282851048,-4.594807092702033,-2.1040441713510405,-1.080417634204563,-1.0909567961869746,0.846715273031052
67,"Long Lane & Heversham Road, Bexleyheath",94.30695802173537,-0.44326119916042395,-25.145550235588377,0.1296944863414517,-38.21822510822508,0.0040307840307992,0.1296944863414517,0.5729490709095721,3.4520880554073443,-2.770176729672262,-7.081773981382785,-6.823525879580348,3.8347237962469265,5.708944120271502,0.5769798549403713
68,"Barking Road (Balaam Street), Plaistow",227.69743194792662,-0.09557027019798106,26.974311913168844,-1.3788773042618474,3.519037698412859,-0.4829740860990396,-1.3788773042618474,2.9527163869268374,10.47953393927343,-1.4495412167552606,-11.605713598404698,-19.517309924202277,1.2553307575355626,8.646338598404578,2.469742300827798
69,"High Road, Stamford Hill / South Tottenham",246.3055893629084,-1.0827258892046883,-6.621577510298065,-0.2563006608222704,-28.704915223664997,0.250985449735496,-0.2563006608222704,2.9871959412419153,-3.969272513353958,-4.656807213617259,-8.192359991097613,-11.758028953882159,-2.4804259072291126,9.200693324430674,3.2381813909774113
70,"Silver Street, Silver Street.",137.27212353109556,0.0027752740090132874,17.651578880608703,-0.893113760350593,17.741572871572945,-0.4231128747795106,-0.893113760350593,2.4063626659240187,-0.45203911877492003,-4.767989975733684,0.9306996902942806,-1.5292682104083337,-3.459273456258342,-1.4541371902943316,1.9832497911445082
71,"Seven Sisters Road, Seven Sisters.",243.09568348778134,-0.7658739503029577,10.802182737027403,-0.6700211375999079,15.787541486291643,-0.36953483245145063,-0.6700211375999079,3.168686119760602,3.311170382832083,-1.8234087018572285,-3.696596227443814,-17.760494294277365,1.243046377610678,10.153106644110338,2.7991512873091513
72,"Lordship Lane, Wood Green.",218.85767562086355,-0.4073237843707341,-7.851221938441686,-0.6396384331379495,-19.19453169449587,-0.39981452277876267,-0.6396384331379495,1.7516244453123435,17.314307453002908,19.821748104755073,-3.62698621866883,-8.937231948620148,16.781592067667624,25.15724663533529,1.351809922533581
73,"Grove Park Road, Mottingham.",51.17003869555103,-0.16830713474886141,-0.7373422953320506,-0.12775970155039587,18.51546401515154,-0.16630366161614876,-0.12775970155039587,0.8035081785903964,4.663697815053601,-3.0262040248115993,-1.2289235433690997,-2.585425313351177,3.6538497925178524,3.377621460035762,0.6372045169742476
74,"Pickford Lane + Avenue Lane, Bexleyheath.",102.39321374768036,-0.3058313327508031,2.574043830479502,-0.13546941464551704,-8.111336580086501,-0.2876623376623198,-0.13546941464551704,0.9633572567782767,-4.739662253369569,-24.07521306579118,-16.78683974775372,-11.43020372804351,4.9262974780435,-8.257756606413041,0.6756949191159569
75,"Main Road, Sidcup.",71.0720843574081,-0.13769815992339474,-2.3614766852998748,-0.10536171150735185,-13.26483089826839,-0.042949585137069354,-0.10536171150735185,0.4251194985569758,8.58820617581903,-3.9322887968226525,-6.574429117212773,-5.381485391939748,18.024844766939715,5.644611408879367,0.3821699134199064
76,"Upton Lane, West Ham.",150.44208356176804,0.34669958997004935,64.37586242963441,-2.0222756466044687,19.012533820346487,-0.6840276274650898,-2.0222756466044687,2.7737490902128448,7.668536511034497,9.041472034610033,-4.984427986523091,-2.126230920344801,15.563014774511435,17.422123299023127,2.0897214627477547
77,"Woodgrange Road & Romford Road, Forest Gate.",248.72344853623,-0.5665918684855715,8.097747041733163,-0.7627402686075929,5.315491175491347,-0.3438108188107656,-0.7627402686075929,2.6634395453473556,16.245135558342888,2.0666938055841984,-8.92253828889546,-12.71149951303742,15.748879320729674,18.922117615818404,2.31962872653659
78,"Bexley Road, Erith.",96.2386094026226,-0.5446540753609922,-1.6024472475400704,0.06505135688041666,-13.139502422180941,0.006592655580769775,0.06505135688041666,1.0755032090808716,-1.0913291160861471,-5.0094012135679495,-1.1502374345140898,-2.5212558700348304,-1.1953735942509394,0.653089617053671,1.0820958646616414
79,"Billet Road, Walthamstow.",107.93329400941425,-0.3317095889760306,5.438147826929428,-0.5961192211263739,-31.93357548701296,-0.14245595839343667,-0.5961192211263739,1.227802492341931,5.707530291951317,-2.745694389142761,-5.387051444634326,-6.805049159817197,4.107262701483787,3.2940175904675333,1.0853465339484945
80,"Cotmandene Crescent, St Pauls Cray.",80.41542717304101,-0.26419413721389984,2.6112710086302555,-0.28214307249683057,1.9412734487734968,0.012508016674700828,-0.28214307249683057,0.6357337999881562,-2.742004937949576,-5.735038908877959,-2.2726911524781315,-0.22167543735015918,2.2570052984612423,-2.026527597521925,0.648241816662857
81,"Romford Road, Stratford.",306.0514651908684,-1.016095599639678,25.161654817735393,0.1606134691260419,0.6099621212122637,0.07846941638615235,0.1606134691260419,4.157736154358843,-20.677337561785084,-27.660841680123326,6.055725041189753,8.396091687261668,-30.273956270595132,-42.96891948563449,4.236205570744995
82,"High Street, Plaistow.",203.13511721065186,-0.4910303870227564,-14.424926787648241,-0.49831408156672213,-42.689782196969595,0.3130208333333732,-0.49831408156672213,1.0512581168830506,6.229189008255941,-3.703860203304892,-10.491985380504175,-10.716500502752142,-1.4291375180813575,3.4296155888372493,1.3642789502164239
83,"Romford Road, Little Ilford",195.25968026164637,-0.7562060759523035,-18.435013373407763,-0.2988718233139419,-6.493492063491936,0.3049366682700397,-0.2988718233139419,1.6255548066293048,7.427073605450719,1.6827885078558382,-3.74608726474512,-8.758156479594783,3.187062729594674,12.589229625856037,1.9304914748993445
84,"Forest Road (Pembar Avenue), Blackhorse Road",153.26810745618084,-0.7111688752431855,1.705666838087393,-0.3431676646094367,-35.86864989177481,0.33717502405005395,-0.3431676646094367,1.6492028524593823,-2.266281552775949,-5.672125418804925,-7.874562298149527,-9.796916565741462,0.4372811490746967,-4.879343951850652,1.9863778765094362
85,"Blendon Road, Bexley.",82.57537326350142,-0.23650401924977382,17.282455139775717,-0.33725236443680834,-6.0985335497834505,-0.43312109187107756,-0.33725236443680834,1.5095419024201642,-7.502435747103982,-12.301915466169397,-9.7220089810974,-3.1214537092986716,0.5688495426320073,-3.5089806022359715,1.0764208105490867
86,"High Street North, East Ham & Barking Road (Greengate Street), Plaistow",304.8458785561706,-0.5246928006160803,18.441595071366706,-1.56057908989835,-30.08777671192434,-0.01018411933177892,-1.56057908989835,2.727662862677711,19.352693398230503,0.04553325804120398,-6.976606204881242,-13.307064939561835,5.8103319850161945,14.152351943517344,2.717478743345932
87,"Chingford Mount Road, Walthamstow.",199.50244848501896,-0.48619844264004103,-19.6798074970892,-0.12350258409449667,-32.48128195217476,-0.24355187361135752,-0.12350258409449667,2.12759958759326,12.174545032117214,-4.163612575033331,-4.446658493633921,-13.117011042451916,5.6295792468168715,6.253472729744787,1.8840477139819023
88,"Old Church Road, Chingford.",158.17271732484312,-0.011257935770658955,22.144143519755985,-0.8619621293904798,-30.93111368789937,-0.41006991685559735,-0.8619621293904798,1.8631832874031586,10.181153161128641,-9.72333314686452,-13.066298287974814,-13.208598672757274,15.82383924815402,7.174761829641354,1.4531133705475612
89,"Forest Road & Palmerston Road, Walthamstow",205.15097700029355,-0.0697311535626776,22.41248537570272,-1.2800006186748687,-25.23520156926399,-0.5914136904761476,-1.2800006186748687,2.6116539217360892,12.471636983112418,-5.422325167689197,-13.560192884575125,-13.543540452704235,11.963201911037471,17.107067884574978,2.0202402312599417
90,"Station Road, Belvedere.",144.98935249339866,-0.9290387346529787,-38.89118221072795,0.8946574573982885,-17.919643939393897,0.4349419191919488,0.8946574573982885,0.8158196438064422,13.859758656218697,3.5964973199505326,-0.3828078541459583,-5.614086218739682,9.833721635406262,9.05999535414576,1.250761562998391
91,"Kings Head Hill, Chingford.",93.81058196056583,-0.359995129144367,-14.053276975440154,-0.10507838740777127,-33.506053391053314,0.2719769119769271,-0.10507838740777127,0.720275024682895,7.875368832067157,2.8378218194523983,-6.175159082489332,-8.785886832911384,0.484063916244625,7.510141721378059,0.992251936659822
92,"Western Avenue/Greenford Road, Greenford",93.55261763565292,-0.46037826334556375,-12.765984740333392,0.036136492786937376,10.310018037518027,-0.22515031265029012,0.036136492786937376,1.1014646781093829,4.019546594583,-2.864644362616376,1.2877501869445847,-6.360769003749911,3.827262059305444,-1.4000765758335438,0.8763143654590928
93,"Oldfield Lane North, Greenford.",81.11315878617283,-0.27815784129536386,1.2774409051280835,-0.12452871039490471,-3.714761904761919,0.0508020683020886,-0.12452871039490471,1.311618186881316,3.810959221864304,-1.7644541939262022,2.5407407270903817,-1.4609447406214655,3.865371823954773,-6.114959477090446,1.3624202551834046
94,"Boilton Road, Alperton.",135.19178678875568,-0.33542058354304227,-9.038521368969283,-0.19112951822894964,-26.671024788703313,0.18293144025289684,-0.19112951822894964,1.1468788810047776,5.132358040172907,-7.235888847885334,-0.11948869344875437,-3.742916469740281,1.447331152279876,-1.8808585287736306,1.3298103212576744
95,"Watford Road, North Wembley.",108.90178039202219,-0.574780959970202,-7.499566333151967,0.012949994116223495,-8.644268127705596,0.3180130170755421,0.012949994116223495,0.47630374072804543,12.089420557576874,-0.30610387610863765,-4.6276475592180395,-5.760275602525704,9.34588758169229,8.841775163384584,0.7943167578035875
96,"Greenford Road, Sudbury Hill.",104.4207796592165,-0.3015382464569742,5.8357122233322265,-0.29188371664420876,-17.388395562770544,-0.03289472101969806,-0.29188371664420876,0.8770850975291415,8.755452947719876,2.0294463547519177,-3.053765506813365,-5.565619732573364,8.188015565906634,7.248817590146596,0.8441903765094435
97,"Anerley Road, Crystal Palace.",198.72345320676556,-0.9791996204935478,-6.312086205951011,-0.03714890886757343,41.857083333333634,-0.8859974747474509,-0.03714890886757343,2.3302498670919225,-6.407400213415718,-28.139660223603155,-40.649754024389594,-44.169929095527955,-1.7329354878051957,-13.160923058943778,1.4442523923444717
98,"Beckenham Road, High Street, Beckenham",188.36108757451555,0.046589343797901736,23.86021283106988,-1.0763946475247694,-5.203998917748893,-0.7530415664581894,-1.0763946475247694,2.561768212619026,33.09608096344971,-12.415440612897227,-20.432890781188878,-21.4660374044833,31.89782559892771,20.309922031188776,1.808726646160837
99,"Old Hill & Station Approach, Chislehurst",53.18135002231025,-0.26134375480627786,-8.45958782446034,-0.028981686188842875,-23.536594516594448,0.01079605579606277,-0.028981686188842875,0.580016202121452,0.20442255841689802,-4.555395274027736,-7.326819900055756,-5.915449880583473,3.7808144639167733,6.06961503894457,0.5908122579175148
100,"Southborough Road, Bickley",53.14404148683403,-0.11008935979813561,13.511717959513323,-0.3134948859093792,26.376672077922063,-0.39143117684782824,-0.3134948859093792,0.964545306869845,-4.72507472328881,-12.65209701911294,2.582341482192515,-0.9399924533481028,-7.331969352207413,-14.655431759970277,0.5731141300220167
101,"High Road, Harrow Weald.",116.94633030493857,0.0006521719023855672,43.29472183916857,-0.971915114062308,-3.946772959183653,-0.45800351874753764,-0.971915114062308,1.592381366776687,16.756578116758373,2.3459862363121826,-7.271157484585064,-9.331105155982959,12.169510413919445,7.725522563950115,1.1343778480291493
102,"Uxbridge Road, The Broadway, South Road, High Street, Western Road, King Street, Southall",204.3719074056527,0.4243467335168834,22.683014247695212,-1.6012777652669512,42.595529262404476,-0.943140123765077,-1.6012777652669512,3.1223352159535662,30.750362865262904,14.554457250118702,-13.191698240303602,-18.363943070472217,34.30931566662608,47.25930641338054,2.1791950921884893
103,Chiswick High Road,147.14143001805857,1.2877080920768058,72.06085166400874,-2.5003972655499633,11.900424783549651,-0.9814018157767677,-2.5003972655499633,2.6751553758132074,21.337582813899697,-14.127945986450044,12.765830207400052,-7.791303646299909,22.612527604633208,-10.285621874066685,1.6937535600364397
104,"Empire Way, Wembley Park.",378.31823755731654,5.460899876896737,109.08757598486731,-6.764427699668565,120.3557224025982,-4.68624729437225,-6.764427699668565,13.956958874458776,7.53457807952677,-17.128328449568496,-115.85703642801816,-114.15176040150865,1.3982447765088728,36.56615101135156,9.270711580086527
105,"Preston Road, Preston Road.",138.11975615957894,-0.31449538980907576,-2.3945809153026487,-0.2504040451057727,-10.126695887445745,-0.3536218133717878,-0.2504040451057727,1.2500791498948955,-0.08647190527764775,-5.345415666880511,-10.225164563148367,-11.350498948240858,6.863623948240783,10.598341646481568,0.8964573365231078
106,"Green Lane, Northwood.",96.31937366957182,-0.15665145963822438,47.45120435378869,-0.8128312017138895,2.8144913419914044,-0.27154822029819486,-0.8128312017138895,0.7410444039390994,-4.851837916021539,-16.79426989555333,-5.202941389319045,-1.2728248613261386,3.526926423826117,-10.310404964847626,0.46949618364090456
107,"Hanger Lane, Ealing.",187.08629987212618,0.6418844760392155,34.728232781296875,-2.3670103792493693,14.10209145021644,-0.5626560245309733,-2.3670103792493693,3.3859194387483145,21.181359723491536,18.525002237172902,8.528182059338775,-3.4462605328305473,13.54092199116379,8.790177315661152,2.823263414217341
108,"London Road, Norbury.",234.99125817033686,-0.8382257868164158,-37.0925566161308,-0.2464372604327773,-39.55595779220761,0.4682105579606007,-0.2464372604327773,1.6862961633882003,13.616514041616286,4.096045007747088,-10.42975936107775,-16.774463013872282,7.614619263872123,20.652519777744143,2.154506721348801
109,"Queensbury Station Parade, Queensbury.",195.99918686718786,-0.6836372379441449,-29.04600518123041,0.08925001741307322,-47.056082251082174,0.22623424723428487,0.08925001741307322,1.2142222918406553,15.881081097980829,-4.2212087807814225,-10.41993948198744,-12.505360365993786,15.141870782660334,7.552074898653847,1.4404565390749402
110,"Highgate High Street, Highgate.",226.47908638217078,-1.3981957876806266,21.956091905552736,-0.016108605736303617,-30.171536796536472,0.34347667147671596,-0.016108605736303617,0.8950924786713481,-7.55997159457232,-16.00554527006663,-22.271737686952026,-17.011884468476058,3.5271448851425093,8.516841853618429,1.238569150148064
111,"Cricklewood Broadway, Cricklewood.",247.47004063009842,0.050972726680092034,42.08563108386347,-1.8186112160487407,12.629884559884742,-0.35575330019769047,-1.8186112160487407,2.6501933143745138,9.9317474974373,-5.9594604305914745,-10.736327035328797,-22.419118378775426,4.557399628775336,10.497785368662003,2.294440014176823
112,"Brent Street, Hendon.",213.38922233757376,-1.3693921807517457,24.405541810543806,0.5778759430815757,-10.787481060605804,0.07529250841754438,0.5778759430815757,1.8757749685133813,-41.48543861137848,-31.319237798941927,-11.477643790331173,-11.364521764957201,-25.08173474545954,-23.725709074252336,1.9510674769309257
113,"Finchley Road, Golders Green",172.17356166152524,-0.568090366536734,17.29239747820122,-0.440926926733864,8.081506132756369,-0.5618019480519194,-0.440926926733864,2.3467175989214897,-22.1870904540689,-16.003160888873143,-11.230741780620841,-11.57965040419923,-15.382241956911889,-6.1846662054903625,1.7849156508695703
114,"Cat Hill & East Barnet Road, East Barnet.",124.18787780180229,-0.5913227649390005,-15.494917154747755,0.2533924628268528,-26.138347763347706,0.05537277537280018,0.2533924628268528,0.8924724532289928,2.782091097595737,-12.907491150943422,-2.1097187178417434,-3.739907101976467,2.849455713087481,-0.65534204604732,0.947845228601793
115,"Watford Way, Hendon.",206.15681476657457,-0.44050777920246603,14.96870242806203,-0.5381830424577418,-5.257626623376446,-0.32293302068297997,-0.5381830424577418,2.444051726538498,-5.158903862585443,-10.406004163613567,-10.50317867494324,-10.730157045804917,-3.484999204195197,1.6119807582763797,2.1211187058555176
116,"Kingsbury Road (Kingsbury Station), Kinsbury.",333.5898847249303,-0.9262714258513565,40.092744207712606,-0.8003378992757125,19.17840909090938,-0.1407912457911758,-0.8003378992757125,2.9782492373609655,20.82693825463357,3.2192329496660985,-22.391461440589328,-30.185737230711243,15.879812751544469,34.3154197739225,2.8374579915697895
117,"High Street + Station Road, Edgware.",251.26376030384455,-0.7844436732767333,-12.519564291157248,0.0936077115500006,-32.32940759637167,0.4311313245837532,0.0936077115500006,1.1904716886310698,2.4474572408228554,-15.706022644657136,-20.618446816302807,-21.529636664599852,3.99663505249651,0.2542727091596436,1.621603013214823
118,"Kingsbury Road (Roe Green), Kinsbury.",141.71803093961822,-0.43605719677442173,-2.8172619149965943,-0.471508698687344,-30.025905032467435,-0.12227708633955763,-0.471508698687344,1.2534480535302457,10.475561102715869,3.053094767991526,-7.234358443477405,-8.009692242572086,9.070304221738626,14.378173547643893,1.131170967190688
119,"High Street & Station Road, Cowley",90.6923377621546,-0.24931427133545284,32.587721022920576,0.5366199298448556,11.55675865800873,-0.36482383357381,0.5366199298448556,0.8966420153919792,4.290423408055782,0.3712112500259046,1.3415406446294273,-2.058005719351899,9.376755719351912,5.95819893870393,0.5318181818181692
120,"Bowes Road (Ravenscraig Road, Arnos Road), Arnos Grove.",251.32903149573943,-0.10531435597738589,24.58331197728302,-0.10682497666096608,37.25338203463227,-0.07060786435781029,-0.10682497666096608,0.5778881389077869,8.595941850279383,-12.379248586884014,-23.25862269185314,-22.521563950093135,24.03067853342642,12.162919566853047,0.5072802745499766
121,"Friern Barnet Road, New Southgate.",132.46056411158025,0.57068539566593,58.02744468246595,-1.268162906347049,41.50829545454539,-0.6359343434343016,-1.268162906347049,2.8519068029922736,31.134065835429958,7.875296016534871,4.245583713879923,-6.594428195143257,30.0674750701433,19.401616806953495,2.215972459557972
122,"Mill Lane, West Hampstead.",195.6471015959204,0.39068292683063804,59.475748745911766,-1.8195076595768414,8.962808441558522,-0.5974912217411769,-1.8195076595768414,3.0768062707272503,-0.2096239115603871,-17.491463260952983,-10.62014655895991,-17.287052446146532,7.928823279479835,-0.044228441040145026,2.4793150489860736
123,"Streatfield Road, Queensbury.",163.7287312232897,-0.36142991807997726,6.627830982504437,-0.531727640795818,-18.760057720057603,0.21575036075039347,-0.531727640795818,-0.06730348598775035,7.284514538798817,-7.467498367987772,-12.078131220310482,-16.737980540710815,10.566626374044057,11.379780525865892,0.14844687476264312
124,"Kenton Road (Woodcock Park), Kenton",134.08071689241973,-0.6511269624746744,-9.268955833621643,0.017440763920878028,-13.856226551226465,0.015487814654508932,0.017440763920878028,1.1354985527792112,8.696895354976474,7.153460732821927,-3.7256646116511103,-5.196708173881127,12.763114423881063,11.556480583873222,1.1509863674337202
125,"Fore Street, Silver Street.",309.2500102185168,-0.4751772300885521,15.778695730245692,-1.1703796973834069,-36.84349080086558,0.3530310846561441,-1.1703796973834069,2.249321245031674,12.466516800582669,-16.191656153565386,-29.241219533722095,-37.11107851686108,15.613838933527582,15.391740367055132,2.602352329687818
126,"Church Lane, Kinsbury.",115.65844332795018,-0.7848723910165696,-23.922762121514648,0.3551876181578117,-21.202851731601566,0.183739177489195,0.3551876181578117,1.027094725449956,-3.874484689508309,-6.13388164689644,-8.496437290327899,-8.842489478497335,9.010588436830595,13.635629998661086,1.210833902939151
127,"High Street, Southgate.",271.50677292424444,-0.9299089014384143,15.149984787346488,-0.21038491296045456,-2.257738095237956,-0.8780991891705596,-0.21038491296045456,3.227581051293363,7.056454569041703,-30.11221309642027,-15.548531362354561,-15.143690638660207,5.758959558728186,-5.121813025400723,2.3494818621228033
128,"Bromley Road, Enfield.",129.333488206872,-0.8170296926957475,-33.86183092708911,0.6222895741980142,-36.97503710575132,0.2795883151240517,0.6222895741980142,0.1383969890454497,4.684904189820016,-5.0540174565327405,-9.111225189046824,-10.487443881725849,5.58930400077339,-4.0020560609533815,0.4179853041695014
129,"Shirland Road, Maida Vale.",371.5928797791836,-0.4843346283661805,121.95320035255396,-3.5986035137810775,47.28965187590189,2.2929515392016437,-3.5986035137810775,0.5619907407405841,10.186603374745477,-18.539839294668624,16.140354694613755,-22.1323400138041,-3.7385801250850452,3.247666138719437,2.854942279942228
130,"The Broadway, Mill Hill.",131.00858627164777,-0.3095851733964889,9.576196068048684,-0.3113530797840775,-7.520963203463094,-0.19500150312647732,-0.3113530797840775,1.3415637539239065,-3.158705733387661,-11.453180344728114,-10.013662323575,-6.369786890954142,4.037267359704115,-0.6419040826750838,1.1465622507974291
131,"Barnet Hill, High Barnet.",197.34468455244541,-1.0403020882186236,-48.22895159703307,0.9490593309106496,-37.40800324675315,0.03738395863399223,0.9490593309106496,0.6073183511176344,-8.662880245499366,-19.910233202269342,-8.581842857167306,-11.644534709833719,-2.362887165166427,-9.325709226166339,0.6447023097516267
132,"Barking Road, Wall End",231.44438265165243,-0.6796129224442168,19.14591796840674,-0.7458851676748612,-15.835661525973906,0.4881768578644091,-0.7458851676748612,0.9740557833978076,12.830601581999893,6.4156634046784875,-2.4518463671667954,-8.803169277333396,9.54053906899994,13.221052096333318,1.4622326412622169
133,"Ripple Road, Barking.",129.69407768771006,-0.30197230578894857,-7.593312992829771,-0.199885136619351,-22.74975288600282,0.33953443161779134,-0.199885136619351,0.4090059534357371,7.957396843125667,0.5991482340895702,-4.153455534306136,-10.095087142153103,4.471476031041893,5.226893034305996,0.7485403850535284
134,"Katherine Road, East Ham.",181.1898902831652,-0.7122992194700664,-21.30723445809249,-0.118025112571602,-21.114222582972538,0.3968043530543937,-0.118025112571602,1.1427248677248054,13.385122646892334,11.380925356733938,2.0375224020716014,0.3256188399246492,10.40311379896411,11.532790097928217,1.539529220779199
135,"Katherine Road, Woodgrange Park.",261.46141160402817,-0.2891216402390259,8.680207032992186,-1.3557571487920483,-19.437555916305858,-0.543422919672862,-1.3557571487920483,3.3784807346648593,35.195295305749006,24.27163834581975,-3.996950342721807,-11.76305850469424,24.40277204636079,34.558972912166084,2.8350578149919974
136,"Romford Road, Woodgrange Park.",193.0700962983515,0.17626360300878802,29.06404169559317,-1.5573052073604958,-8.877673160173021,-0.04592231842227726,-1.5573052073604958,2.5802249310143393,12.912886989720295,11.892145473707128,-6.3575062570359,-16.67695191324018,9.834677607684508,37.73597847925804,2.534302612592062
137,"Hertford Road (Elizabeth Ride), Edmonton",125.50166451386671,-0.13556027941679089,5.598506438969105,-0.5626411241203259,-9.397533820346283,-0.06394375300622436,-0.5626411241203259,0.9162559966835825,5.723819281427472,-0.6615452495484568,0.5093157915482328,-5.206898093809214,2.385478822975808,5.260996708451665,0.8523122436773581
138,"Hertford Road, Southbury",191.02028645862313,-0.8257646134055212,-17.901183244230282,0.19158825508660227,-19.779730639730516,0.03454171343063851,0.19158825508660227,1.3263581688507986,1.7553094274692338,-12.684735729604013,-14.15458128497966,-16.39864480915651,0.8430603184156723,0.3257907757201964,1.360899882281437
139,"Park Lane, White Hart Lane.",186.9455699697724,1.48075800324624,142.9087383918942,-5.172673004244441,8.5921085858584,-1.9660788439954655,-5.172673004244441,5.63912509598907,69.97270785729597,-28.13518355790782,-47.51999968264199,-52.63222206354294,-9.711788353123616,-5.567326706246902,3.6730462519936045
140,"Hertford Road, Enfield Highway",127.62593109250362,-0.7052384395160237,2.8306519030155592,0.08380785537987265,-7.848420995670877,0.2992692400192677,0.08380785537987265,0.3363715665425736,-2.5971164994576093,-7.101754106300282,-4.993589000361718,-5.36549241684754,7.909294500180785,-0.2720359996384011,0.6356408065618413
141,"The Avenue, Highams Park.",194.8715416655657,-0.24367270826426246,24.04315529533148,-0.8495987454793856,-46.92749783549786,-0.08378066378062185,-0.8495987454793856,2.3076226551225907,13.772245247340786,-17.85917121129881,-10.368736414894066,-13.050540082447053,9.015748415780285,-1.6451698351061212,2.2238419913419687
142,"Ilford Lane, Ilford.",245.41419283507201,-0.8207169111846989,-15.74172372277514,-0.44759408333001677,-43.80216630591612,0.1849829645663464,-0.44759408333001677,2.4403934499547755,12.234105657566781,2.5177651948852287,-9.033240577266966,-11.125083830300213,10.549823413633385,20.606504466155606,2.625376414521122
143,"Rush Green Road, Rush Green.",196.16807150926672,-0.5867295806102906,-25.734373689884073,-0.02572212700545322,-17.75599567099555,0.4900144300144649,-0.02572212700545322,1.9197144376091115,-14.06158241588951,-23.569275687093043,-6.720012764407188,-5.646139194703584,-13.551126430296504,-13.786107027259712,2.4097288676235764
144,"Heathway, Dagenham Heathway.",268.9309275262893,-0.38503974441849975,5.367663998801277,-0.826406043379213,-64.37634740259733,0.34546516754855594,-0.826406043379213,1.9365400348513528,9.899385937529521,-29.263729823211506,-12.96026770835333,-18.54111475695452,16.130958506954332,2.051066319464123,2.2820052023999087
145,"Sutton?s Lane, Hornchurch.",73.85264954157051,-0.19035294768921227,-7.8169661533054295,0.013007498225090454,7.079412878787914,-0.3209154040403895,0.013007498225090454,0.8893948412698187,4.926421445838206,-4.675096766849179,-7.027119505558865,-6.703143086112735,6.04220558611275,0.7595413805588195,0.5684794372294293
146,"Upminster Road, Upminster.",93.71422467496308,-0.47641657323766273,-3.2424851078907078,-0.08679993262656215,-18.717949134199078,0.13631854256856218,-0.08679993262656215,0.8851377971443453,7.440141894441688,-4.443584193416733,-4.835420117127906,-1.2754900064806447,5.876857193980566,2.1318393879611137,1.0214563397129075
147,"Hornchurch Road, Hornchurch.",201.55143898769882,-0.4346255105960648,29.831570678967463,-0.9093580667361132,-44.60995400432901,0.37702831890336164,-0.9093580667361132,3.107910234867406,27.826125977386663,-10.959821153434,-9.376271484924652,-11.01769303412901,25.3141123049623,18.932912109924498,3.4849385537707676
148,"Oxlow Lane, Dagenham.",155.2446182889113,0.1715290406121683,19.34642019646063,-0.9127013892317304,19.206466450216503,-0.4167827080326707,-0.9127013892317304,1.780137828789084,2.167973152468229,-4.901440440804584,-3.831383143312309,-1.1502618841560797,6.152345217489369,-2.922262690021105,1.3633551207564134
149,"Hertford Road, Enfield Wash",159.7837554122606,-0.4781649106249378,1.8176537179341161,-0.31477951627463924,-25.507624458874393,0.15555174763511478,-0.31477951627463924,1.230132000877563,11.280251273064744,1.158457827076586,-4.383014737598881,-7.9258534336142885,13.127705285466046,12.28029483019133,1.3856837485126776
150,"North Street, Romford.",133.91156550946758,-0.6151659538039244,3.4951037630187156,0.20282421115458568,19.65008297258303,-0.41051747635077684,0.20282421115458568,0.8611858138612014,4.785887982143461,-4.9719784017705,-3.9028315714290773,-4.399202244047826,10.153889744047795,5.003960043651239,0.45066833751042457
151,"High Street, Hornchurch.",149.69368671400323,-0.17232735428274826,22.113502436336816,-0.8448845947647494,24.793199404761985,-0.445344366281835,-0.8448845947647494,1.2064609361154894,5.71447198983148,-16.378709392233063,-14.35684851405443,-20.275592225777118,8.643430767443824,2.734192264054403,0.7611165698336544
152,"The Broadway, Elm Park",162.34656270067603,-0.35143718277549013,-6.895115904751171,-0.6222415256949224,-40.02408910533906,-0.12356160814491089,-0.6222415256949224,2.1368913339746194,11.141962331938528,-10.350188522855312,-14.204016554625857,-11.381695777312952,12.821626332868457,-1.8067473342632068,2.0133297258297085
153,"Fencepiece Road, Fairlop.",82.10235258929688,-0.2821014886762883,2.168994917970504,-0.05732024478376961,-2.901018668831159,-0.04484863516111911,-0.05732024478376961,0.9402640202146509,1.306078520785194,-7.050225818095014,-6.799429951356882,-7.876700652761744,-3.4344321597382677,-4.104476298643199,0.8954153850535318
154,"Station Road & East Barnet Road, New Barnet.",145.82894000132512,-0.2268940927742023,11.97848001555389,-0.15119228446294444,3.6841798082869914,-0.39977882567165085,-0.15119228446294444,1.5546959480229658,6.512991982507237,-10.510908649173937,-2.9344425716716276,-10.062552387026246,6.732009232264309,-1.0203565354713178,1.154917122351315
155,"Chigwell Road, Chigwell.",148.80810002829853,-0.28415260442703144,-2.779266509326479,-0.32197757952764594,-15.391999458874343,-0.4388386844636603,-0.32197757952764594,1.5255601044909852,15.454004318399763,-5.0348931232585015,-24.51718777476665,-24.64417331446665,14.416634251966629,12.706185170599856,1.086721420027325
156,"Collier Row Road, Collier Road.",90.66022479292879,-0.3109438228704365,0.9027262430811959,-0.34511581421183835,-21.430709647495366,0.055748986463292134,-0.34511581421183835,0.8651567342779463,11.80395165952563,-3.3701302613505173,-2.96143900317592,-6.6566743626991,8.128226942064117,5.378242078572641,0.9209057207412384
157,"Station Road, Harold Wood.",84.10327664653664,-0.18312355131940405,0.7569405492593835,-0.18663586363917736,-0.29410443722938656,-0.2441591510341351,-0.18663586363917736,0.8680210073795332,-1.2826010170664803,-9.492588744811849,-6.0293727594557565,-8.733599140144515,-0.6150336723554863,-7.416200157210973,0.6238618563453981
158,"Harrow Road, Tokyngton",120.98113478556893,0.09095964104739107,-0.340055531466783,-0.7635026660597855,-3.6379166666665292,-0.4163299663299427,-0.7635026660597855,1.0547954482164599,0.5026484392800582,-6.705032882275204,-8.329565105353469,-12.40570052142673,-6.751395832740021,7.564460938686698,0.6384654818865172
159,"High Road, Willesden & Dudden Hill Lane.",219.16845387582086,0.247404882746596,36.121680949662654,-1.389417046818917,5.499876217532619,-0.5671292538479563,-1.389417046818917,2.484748230266245,2.6640045675607587,-15.218853506813918,-9.715456170040705,-17.52172548085364,10.990784725645218,9.222878045040591,1.9176189764182885
160,"Victoria Road, South Ruislip + Long Drive.",195.1606694971683,0.7594827182028152,73.0150244937665,-1.9876762581566165,33.032008252164566,-0.9877181788118765,-1.9876762581566165,2.0236989332547775,35.377318519653116,-0.05423642133323058,-18.760660263102228,-16.115225964884324,38.24963351696767,31.074787867268956,1.035980754442901
161,"Mandeville Road, Northolt.",111.38349946183095,-0.27775113454209216,-15.164131844351125,-0.11003727314171062,-15.760694830962654,-0.17022906216356293,-0.11003727314171062,0.8996290298858854,2.7488530091697445,-1.7097920289828628,-1.60752527000216,-1.9332734236915685,1.7823867669454772,2.3330461033353687,0.7293999677223225
162,"Northolt Road, South Harrow.",166.98470455827544,-0.21636623586093007,11.173221149276786,-0.6116137662336348,-23.12338961038958,-0.10136099086095483,-0.6116137662336348,1.9524564852787984,9.4257028542655,-8.354745945591835,-5.379635236177191,-10.470624909755282,10.711822826421846,6.282525861177024,1.8510954944178437
163,"Crescent Road, Alexandra Palace.",165.5799321730973,-1.003165229031084,-53.06666029316756,0.9506006624891435,-28.077265512265438,0.1127681577681865,0.9506006624891435,-0.6330133730792088,8.873577486516636,-9.986777281143707,-18.055041241011292,-25.124873051061254,-4.116359587827782,1.1852495743443265,-0.5202452153110223
164,"Harrow Road, Kensal Green.",167.5995304850334,0.5371529651032786,127.76980437416637,-3.686657155478069,3.6320860389610523,0.6400153318903794,-3.686657155478069,2.348696860522448,17.783895257179804,-1.0270524160941452,7.153835453546665,-12.600556231559882,1.562730710726528,12.78620360895341,2.9887121924128275
165,"Kilburn Lane, Queens Park.",264.0292580577376,-0.321050128620454,40.632213148569804,-1.522105938114248,47.423245769382326,-0.3314833398923692,-1.522105938114248,2.713764067537893,10.413466934035974,4.9654346652157555,-5.16331034238784,-15.53796435679983,10.647055265890717,11.565630418145346,2.3822807276455236
166,"Westway, East Acton.",149.71254490897937,0.24179264309571466,41.24776837996485,-1.592530109550344,5.240883116883173,-0.33816402116398414,-1.592530109550344,1.8665269740005999,3.7324867862838476,-4.236467516375668,0.1468317258106384,-7.000256012094633,7.7550997620945745,5.968949524189319,1.5283629528366158
167,"High Street + Station Lane, Hornchurch. Butts Green Road + North Street, Emerson Park.",212.72557090093883,0.03151957842457251,30.349928340199757,-0.881616294512925,-11.983373376623295,-0.6354609187108728,-0.881616294512925,2.0722875022150644,31.086216457900598,-37.300207882190186,-34.68260784693394,-28.254728402633578,35.974311735966936,8.095264096933821,1.4368265835041916
168,"St Mary?s Lane + Corbets Tay Road, Upminster.",141.14680698995855,-0.16981994481061727,10.264807884681773,-0.27153391120978876,-11.176963203463181,-0.27585377585374543,-0.27153391120978876,1.4703123655096875,14.575333132561493,-15.355394971112473,-16.7962724355967,-13.070024238631666,19.880232571964978,1.5298141022632665,1.194458589655942
169,"Victoria Road, Ruislip Manor.",165.15556945417254,-0.8396296753358603,-27.51883869966504,0.288768165101834,-7.5157075216448765,0.15383793290046316,0.288768165101834,1.1266217390065585,2.8674354497491765,-18.946861052916777,-15.921714778999618,-16.69077275408315,10.310304004083095,-1.4135716793339064,1.2804596719070216
170,Orpington Station,124.20017478504981,0.0851155630593776,23.596107303406523,-0.7133280174899767,14.767456709956841,-0.44518638768636315,-0.7133280174899767,1.6392938153464018,-21.572566276256747,-22.532837253938567,-8.693809982495594,-13.934144574581058,-13.702574175418958,-22.06651987861558,1.1941074276600387
171,"High Road, Ickenham.",93.4250576984912,-0.21228652177177534,-8.717800380336993,0.24630819798025227,-11.349391523654864,-0.07135069873907515,0.24630819798025227,0.41549253160857463,0.8963000114971047,-15.831685925076581,-10.678099747248162,-9.453881997880039,5.057881253832392,0.24974688266472572,0.3441418328694995
172,"Uxbridge Road, Hayes",181.54503314596977,-0.45262825226765036,0.13818824642369623,-0.4429005603625895,-26.56643606393598,0.35329198579202553,-0.4429005603625895,1.3495077364155716,21.003303835577793,-1.0817734971608015,-6.748897268590521,-12.262799996474792,23.15424631057725,19.24819614679548,1.7027997222075972
173,"Uxbridge Road, Hillingdon Heath",137.0178823067251,-0.7452590306637586,-25.63249872478696,0.4368109253550078,-38.513441171923276,0.29593052119840296,0.4368109253550078,0.6697564234358949,4.976144479584185,-9.274615412167998,-9.526460531032477,-10.651283650932973,4.377139305694765,2.0940572572227323,0.9656869446342979
174,"Dandycombe Road, Station Parade, Kew Gardens.",163.9744897981692,-0.6688582897818461,-0.7153181871451371,-0.4196436157516875,-14.53284415584412,-0.30170610870607417,-0.4196436157516875,2.487737949672108,14.68295224377804,-5.684963789071206,-7.074051495852182,-8.653952831259433,18.015931997926046,11.930249412518714,2.186031840966034
175,"Kew Bridge, Hounslow",389.88263520372357,-1.1679496656140531,-72.58818071481313,2.0716922449841273,-246.90794913419992,4.186966690716823,2.0716922449841273,-3.445789173059039,197.8134837230845,11.028325825834377,35.81054210127636,-24.49564040769589,197.84212478269524,123.36797352372302,0.7411775176577842
176,"Long Lane, Hillingdon.",57.081278422949,-0.005626315556892545,-1.6882856879692683,-0.2876437729244638,-25.501139610389608,-0.16688035113033942,-0.2876437729244638,0.432294454570751,1.6291317918247963,-4.326422237354719,-2.6048378612166005,0.38320606939166946,-0.3374248193917281,-2.1807350554501554,0.2654141034404116
177,"High Street, Harefield, Uxbridge",81.81938166625338,-0.05876386878709004,3.84450217374134,-0.3432471830401702,-2.0993019480518686,-0.06210076960075301,-0.3432471830401702,0.915951305030223,-4.979798380950042,-9.68924539726565,-5.572387016866726,-3.0412390813500254,2.7678015813499774,-2.3467536081333553,0.85385053542947
178,"Joel Street, Northwood Hills.",172.89832378761497,-0.4978586763545746,27.108193076895244,-0.7871479949913842,-22.74153318903303,0.0716317941318266,-0.7871479949913842,2.1555602389812374,15.934555151117058,-8.903107718588057,-21.700727739633766,-17.120546161483528,16.96690032815016,10.245258989633635,2.227192033113064
179,"Barnes High Street, Barnes.",153.7618049378082,-1.0811861219908458,-16.957365699617075,0.5705471142011639,3.2466952690166857,-0.48393965161818836,0.5705471142011639,2.1953584176891976,27.130632823116855,-7.520692538555017,-9.385079620173203,-10.358685643419907,33.39454873865811,11.069157001125586,1.7114187660710092
180,"Sheen Lane, Mortlake.",150.48798556837065,-0.417555786379499,-0.3151211449556047,0.14052718745040352,-4.000742694805114,-0.3058689574314254,0.14052718745040352,0.9817393863445963,3.589570786851537,-12.004168540237467,-10.456523753734485,-7.69255224145057,11.501211095617181,4.289791982901044,0.675870428913171
181,"Park Avenue Road, Northumberland Park",197.80039240934912,-0.1964835479902804,53.05579348661337,-1.7956710653822137,-48.095584415584355,0.9751394901395217,-1.7956710653822137,2.4231730525808937,17.24505571739913,-23.326458498260717,-44.645141311599666,-42.42048732246647,4.364237322466413,0.8573808949327884,3.3983125427204155
182,"Rainham Road South, Church Elm Street, Dagenham.",96.46145839822668,-0.06672015991326635,15.822371794990408,-0.5191138589800749,-12.895357683982658,0.07441841029343205,-0.5191138589800749,1.1571507113743633,10.297778119238943,2.672339373545182,-0.7940916628260597,-5.1402229147463645,9.764754164746323,6.010680204492666,1.2315691216677953
183,"High Road, Totteridge and Whetstone.",174.03885914593928,-0.22958271180821066,23.122437893304596,-0.9720282354247657,-6.0878354978354094,-0.6325072150071798,-0.9720282354247657,2.3420303125236774,11.703286389179743,-17.45630780070288,-19.661403165703312,-21.19334806722661,13.684135827643264,7.684743009453214,1.7095230975164977
184,"Archway Road, Highgate.",152.18529738054548,-0.24561021668869776,35.49408430999318,-0.5805050871462332,9.303292362399617,-0.3636725245653476,-0.5805050871462332,1.308134124994971,0.4621750453157638,-12.109289283717658,-13.214552708782072,-14.620762217486226,6.38880537224807,4.289255089734382,0.9444616004296233
185,"Broadway, Rainham.",116.26597281072905,-0.14363576888930737,-5.9980952518458865,-0.031763646216220326,-5.016537878787792,0.15187626262628495,-0.031763646216220326,0.363464076858777,4.480484074408709,-13.56498957877523,-11.571624799605939,-10.806984274802948,-1.25468239186377,-6.280458533727521,0.515340339485062
186,"Station Road, New Malden",90.10843694553849,-0.4060577286724478,17.793387587740945,-0.41879537039639875,3.326204906204915,-0.19861552028216392,-0.41879537039639875,0.9309957131886606,6.443438570477003,1.695459183988133,-2.0668930747625076,-0.09225730127010681,9.52932327349233,0.6811291858736066,0.7323801929064967
187,"London Road & Clarkes Avenue, North Cheam",130.34024702878597,-0.3419551595809208,-5.959302140408296,-0.015362503065679557,3.617844967532535,-0.3866415644540399,-0.015362503065679557,1.0986495674159733,-3.619920283039645,-17.59520533446701,-6.793100019640351,-13.585352093153466,-7.17604113601322,-7.566470292859763,0.7120080029619333
188,"Brighton Road, Purley",62.86326559636039,-0.1518854309443823,1.8115858968894532,-0.1286758359814261,-8.310546536796476,0.0234896584896699,-0.1286758359814261,0.37134294859621797,-2.048860714876391,-7.916339708821071,-5.0976345234158025,-6.852723511707904,-4.210297321625474,-0.9728732890842701,0.39483260708588785
189,"Godstone Road & Little Roke Road, Kenley",66.46117049482893,-0.3773317181008495,-8.390717688596489,0.12479770392502079,-14.304786255411221,-0.0549461880711756,0.12479770392502079,0.6857426394268301,0.9015827759516535,-7.057866149064439,-0.761211433967828,-2.934121341983921,-2.8059177205161028,-2.527525545198918,0.6307964513556545
190,"Sanderstead Road, South Croydon",79.82675345783757,0.04073778332967112,13.440249246789381,-0.7305918358048534,-8.823968253968177,-0.17512987012985484,-0.7305918358048534,1.187975905673248,-1.111643970341916,-6.995973332796063,-6.909945686438789,-6.9645214543305025,4.962785343219371,3.145101936438749,1.012846035543393
191,"Station Road, Belmont",31.228828787663907,-0.03543044347191366,-3.503458929475111,0.0923255366581792,4.720387806637827,-0.11336640211639618,0.0923255366581792,0.240232810561748,-3.2011761459849204,-5.609447466359668,-0.7096325693434211,-4.135111423560595,1.1968301735605826,-2.2692736806566094,0.12686640844535182
192,"Main Road, Biggin Hill",71.2446507931452,-0.3526813011492383,-9.434720613216694,0.14515171606629199,-18.173593614718577,0.20358483645984904,0.14515171606629199,0.2789181539707654,1.540203584180407,-6.2323009652121115,-4.622896139453684,-6.357645986393532,1.880588694726823,-1.6108278188797498,0.48250299043061445
193,"Windsor Drive & Station Approach, Orpington",54.10630481475492,-0.3802550902607765,-7.173157722702569,0.19835722395318844,-22.195057720057644,0.17546416546417204,0.19835722395318844,0.4301991405280751,-2.109803668739786,-9.807233933638361,-5.313950331951308,-5.703936971531247,2.794561971531215,1.972630887506784,0.6056633059922472
194,"Broadway, Bexleyheath.",317.7204070199405,-0.058331106348553534,25.443686900166266,-0.9117319517892709,47.32359114100194,-1.2582462808354944,-0.9117319517892709,3.4397622664162952,46.41542914674192,-36.67300444356811,-44.92966853830442,-38.01342057867582,54.32792950724737,5.406528657351933,2.181515985580801
195,"Welling High Street + Upper Wickham Lane, Welling.",153.09484211212848,-0.028411019932794032,16.413917235767645,-0.7709135403776367,-6.033319466991274,-0.4714255275973691,-0.7709135403776367,1.6279880097971693,16.485807295037965,-10.479749037216267,-15.070697701900455,-14.761626520221027,14.158761936887661,8.410736764400362,1.1565624821998002
196,"Farnham Road, Harold Hill.",141.57417321563935,-0.038145698981498985,37.38353118717287,-1.1823574409467699,-15.587828733766235,-0.35864102332849196,-1.1823574409467699,1.8473873920912887,5.09117549928888,-10.179697195281369,-3.708244603692723,-6.4178267289296524,3.359818916429623,-4.136677271307358,1.4887463687627966
197,"High Road, Cranbrook Road + Ilford Lane, Ilford.",382.8286923049657,-1.1375781911423255,-37.553495785897795,-0.45612564774812514,-2.1308517316015774,0.41146813371821955,-0.45612564774812514,3.0386224336091465,41.805910269264814,18.095703083680426,-3.2728464295102415,-11.699209673088461,36.08686592308829,41.66269017950996,3.450090567327366
198,"Ealing Road, Wembley.",229.20365625996143,0.9941919217455228,51.06939831830154,-2.008408136825831,71.06811327561321,-0.6673693282025862,-2.008408136825831,4.575244603512064,131.57231322967172,87.80301293102438,-3.4535907642257753,-23.526882187668388,126.42514607655727,141.3854484031149,3.9078752753094776
199,"Eastern Avenue, Gants Hill.",260.24852468787674,-0.04104650553857602,41.15270749805385,-1.1999116334313091,-35.47175505050478,-0.8260816498316013,-1.1999116334313091,4.1171333795346134,11.402404406859038,2.9393842655554545,-23.544311271239568,-22.530098343953117,14.54928237173079,25.699259187906076,3.291051729703012
200,"Stratford Broadway, Stratford High Street, Leytonstone Road, Stratford",910.5424504430448,-1.3388350478216384,-11.606380540905961,-2.6125536432053993,-296.29871977020497,-1.8562494529973819,-2.6125536432053993,6.159075672253565,123.79263165199953,-6.14554935401775,-45.08968754870257,-59.050091268085914,57.50955046294744,23.631367921508396,4.3028262192561835
201,"Leytonstone High Road, Leytonstone.",250.34536313251672,-0.2386851465562519,19.652559907461423,-1.2385983833238352,-46.88291080447319,-0.26967427248672315,-1.2385983833238352,2.8738478218905072,19.422362411133278,-6.813969015448112,-17.544378760200225,-25.00224580371126,20.178873407877806,17.636653065755556,2.604173549403784
202,"Wood Street, Wood Street.",205.61488420053664,-0.20689823817528732,23.05477222658651,-0.7067043243328363,-10.331036931818064,-0.15839172979793695,-0.7067043243328363,1.371570094744364,-5.487291900336293,-13.091607983794525,-9.772306701859351,-12.505635772804624,-13.823726206362162,-15.88853314189084,1.2131783649464272
203,"Church Street & Southbury Road, Enfield.",317.2443635319109,-0.5658103656260047,4.559109079426892,-0.4960761804140292,33.900950577200625,-0.7669431751375504,-0.4960761804140292,3.9401280312171054,33.36255855123695,-24.849806254924246,-24.026572598973043,-20.497299609671504,20.86072553559754,-5.428809345471548,3.173184856079555
204,Edmonton Green HS,336.4493971679568,-0.4531242902709242,-32.33904266592855,-0.7472057410590623,-46.69960884353743,-0.855145159073659,-0.7472057410590623,4.135303143319953,33.208854899236,-5.574092584785613,-16.18090326615773,-17.943762644983675,32.65518377593587,11.683805051871653,3.280157984246294
205,"High Street, Harlesden.",267.9584577366216,1.157190291519273,96.56338625142975,-3.83750731910856,15.680303030303085,-0.4032302188551533,-3.83750731910856,3.706821583630695,25.150923150914647,-15.350615756330276,-12.520700069360007,-25.296075946138192,13.312677508638153,12.976754756859963,3.3035913647755417
206,"Coldharbour Lane, Hayes + Harlington.",214.2531688746056,-0.15404393474431735,16.92241578764096,-0.6267047252729334,54.55630772005789,-0.8158265859654308,-0.6267047252729334,2.7658950968891753,-3.606044634909715,-25.13853742897586,-12.856676261912183,-18.919483964289263,-6.420909554229229,-3.6582542936434206,1.9500685109237446
207,"Ruislip Road, Greenford.",184.63089094320145,-0.2611976383486485,26.673120565243806,-0.6433087110395961,-23.663096784168033,-0.37054988662127775,-0.6433087110395961,2.5407727245602527,-6.702761231882987,-27.308405105711135,-13.16263090493531,-6.020284946515275,7.887770065562812,3.672935964458989,2.170222837938975
208,"High Street, West Drayton.",162.04858927744627,-0.34735337158919904,1.197012386196843,-0.4470390174767957,-9.625303030302963,-0.3176161616161275,-0.4470390174767957,1.620306552365709,5.283578594132655,-12.64426055276207,-7.089182604421928,-10.33119286471096,4.886192864710882,2.4743128127551186,1.3026903907495815
209,"High Street, Ruislip.",190.90302327707923,0.15109197568466692,30.09521468259423,-1.1583909759442526,-11.523593975468907,-0.7097724266473866,-1.1583909759442526,2.75674734500386,18.660314918080488,-19.328556766375907,-22.328881820387156,-17.25157198658243,25.81059976436018,15.94923772316485,2.046974918356473
210,"Bridge Street, Pinner.",244.30035695438514,0.49914145599814513,63.20927210817036,-2.581423646697396,-32.329653679653475,0.03855759980764644,-2.581423646697396,3.644822726006858,15.440679532834931,-17.054959177780276,-32.961755105223496,-28.34422390677838,37.31974474011172,17.59508843855677,3.683380325814505
211,"Burnt Oak Broadway & Watling Avenue, Burnt Oak",306.58466161387116,-0.5382056891917764,6.772833014836668,-0.91490941701458,-55.09029653679646,0.06135666185672539,-0.91490941701458,2.680180704285872,34.472701297097565,-1.7139953366552154,-15.36969148973204,-23.205796265699398,23.331785849032563,21.357191489731736,2.7415373661425972
212,"Station Road + College Road, Harrow",393.6534260700493,0.5387417994368097,77.40216278233665,-2.8593846525161832,9.175115440115547,-1.333984447651024,-2.8593846525161832,4.185475960524064,28.677690031547204,-29.55742041935074,-29.031133632142915,-30.974525149404652,32.67633070496018,12.55201904880946,2.8514915128730403
213,"High Street, Wealdstone.",216.54689894067826,-0.3078970131800374,-5.86449201371758,-0.8209773908724017,-11.167566287878689,-0.010975378787834701,-0.8209773908724017,1.5677704203690335,-0.10772324624635746,-11.154161837383086,-9.213666273335987,-18.377373501251313,-7.806090040415487,-7.7391983099975725,1.5567950415811989
214,"Field End Road, Eastcote.",136.0227372445951,-0.4068562091883699,-3.5294221639116192,0.03815310517146544,-12.951668985776037,-0.19193113103825027,0.03815310517146544,1.065984975063881,-1.9224718149326656,-20.672834143263252,-16.83814379004503,-16.297234097403464,5.264682014070091,-6.085516924240827,0.8740538440256307
215,"High Street, Feltham.",185.83395943883812,-0.6313755504102501,8.315945668819937,-0.2709700752388806,-3.082088358070358,-0.08999119597330214,-0.2709700752388806,2.0105192816094473,4.286217043270476,-12.544845752275215,-8.475781600275694,-12.3954800858521,6.678459996566358,5.4897882967041625,1.920528085636145
216,"Richmond Road, York Street, King Street, Heath Road + The Green, Twickenham",215.72329023470158,-0.8231380112124889,-1.1478916403835857,0.19275012167954939,-13.524588023087778,0.826672358505731,0.19275012167954939,0.6200458574887714,-10.267053186899968,-24.899828158870346,-19.37145610952722,-21.84359635833504,22.44233147738261,-4.472447660314229,1.4467182159945025
217,"High Street, Teddington.",205.05844525861374,-0.4688886172960177,0.26551662372077156,-0.39431114069075535,25.319841991342194,-0.6502051467051052,-0.39431114069075535,1.9727086253692703,-1.9912474360451256,-15.92517890522297,-14.894637125970071,-18.428661568937326,-1.3832803953484085,-7.542836832363383,1.322503478664165
218,"George Street & The Quadrant, Richmond.",422.78140238322896,0.5435108695093132,80.87404953257979,-3.210880569276851,-13.928386953954982,-0.5204836787790299,-3.210880569276851,4.0864622874908525,93.48547386611924,8.421923867881073,-45.328975948625356,-45.85493541749451,119.05244962203984,82.8375223501404,3.5659786087118226
219,"Upper Richmond Road, North Sheen.",135.19824917774858,-0.17547050463144442,15.841895382623774,-0.4090344298369105,-5.850301406926345,-0.19852531265028348,-0.4090344298369105,1.3946935742132627,-4.931315928034858,-21.18715756774668,-7.722872714643558,-9.027035315655095,3.5024519823217064,-6.605694993689879,1.1961682615629792
220,"High Street, Bromley",473.2684424311873,-0.9662579730838315,-40.83797121549449,0.2602830263128075,81.02422799422804,-1.3194992784991701,0.2602830263128075,4.224092769803139,57.282028720178516,-49.60372636548161,-52.08298442456388,-40.653072073392806,97.73107554561524,0.014599007897018759,2.9045934913039693
221,"High Street & Portland Road, Norwood.",148.74976867422447,0.7862079076709924,41.92501154614066,-1.907013185191325,0.7028035222353706,-1.0394202304429176,-1.907013185191325,2.7856388244485735,25.265121145738224,-1.5695752883523235,-13.480606332007444,-4.404543222821869,30.879566897064247,23.580227544128622,1.7462185940056558
222,"London Road, Morden.",273.053854121017,0.20001885660206187,23.600327506949984,-0.933514747361004,-19.518037260358515,-0.15798194530331958,-0.933514747361004,3.190848608715062,2.925860048368165,-28.41885402065746,-24.76995580605527,-22.036075373265685,23.633024778027522,-13.561294193944947,3.0328666634117423
223,"Green Street and Plashet Road, Upton Park",364.9495236493232,-0.40475868948223437,18.37885828970412,-2.182755014837643,3.063309433622056,-0.7626810265351004,-2.182755014837643,4.782306083495643,76.07076567205046,57.03816845440451,-13.0733272883118,1.8501744634829684,87.05896182123907,81.04828388553385,4.0196250569605425
224,"Ballards Lane, Finchley.",209.47006331742458,-0.7926344462338868,-19.81563813115319,0.16011423681330603,-7.422806036555863,0.2871434583934994,0.16011423681330603,1.8498154160653482,2.843960789397958,-10.409617381686349,-7.100979646635877,-9.431030911280873,-2.1393973294599404,-1.4709242885495208,2.1369588744588475
225,"Central Parade, New Addington.",128.94297906553734,-0.5450626309383034,-24.791401493276503,0.14385059902148423,-19.027967171717133,0.04295314253650182,0.14385059902148423,1.0127510530173012,1.0368252407149192,-7.0604970430282625,-4.861355716032325,-1.90237924690507,-3.5363360308728047,-9.553091208571049,1.055704195553803
226,"Brighton Road, Smitham.",139.64497934637825,-0.051656064135281746,7.0646030078722815,-0.3264179090912704,0.08263798701301947,-0.5311541005290733,-0.3264179090912704,1.724129080592851,4.695104396391672,-22.723500925865515,-18.369001889261252,-11.36138896546391,14.895112923797262,-7.199162173238839,1.1929749800637777
227,"Wrythe Lane, St Hellier.",270.63763420538476,-1.0191479642139023,-54.973743993579234,0.4928341353399384,-32.43553841991336,0.9449455868206378,0.4928341353399384,0.9035278695475253,-8.487809092759804,-32.33606762330734,7.588552416006243,-20.274831864913544,-33.626144697586604,-34.59395606183995,1.848473456368163
228,"High Street, Cheam.",128.48452614027423,-0.2826351495417034,-8.173907697852599,-0.04353751781347798,-2.7754423701297086,-0.4659979256854058,-0.04353751781347798,1.594844392501779,-5.863221555502922,-18.296734402957313,-21.525430421331503,-16.015477487451435,-0.3590295810009604,-2.201197182835292,1.1288464668163731
229,"Tolworth Broadway + Ewell Road, Tolworth.",173.5689191307191,-0.18652690933496607,27.09343525345711,-0.8129394810060446,-0.4653733766232684,-0.5644221981721613,-0.8129394810060446,2.382241367307096,5.187900554625162,-8.10856811710056,-12.600527453083599,-9.05000330987507,7.193058865430595,2.735293078083499,1.8178191691349346
230,"High Street, Thornton Heath. White Horse Road, Selhurst.",208.23372195158748,0.3429482122502943,36.40347065704625,-1.691905462498405,-12.251628336940787,-0.6320955086579555,-1.691905462498405,2.3550677118932914,29.4945669735636,-7.649568172343811,-14.136134926820379,-9.2711056578546,23.384256699521185,19.201803329598047,1.722972203235336
231,"Ealing Road, High Street, Brentford.",184.7365572764867,0.06810661869041643,21.106837228604828,-0.7349088797697005,28.654054383116975,-0.5011714866922777,-0.7349088797697005,1.6613391881428485,1.881009844181198,-21.029242372057674,-7.859475312787617,-12.225809705004835,14.082623941115951,-3.321818089990209,1.160167701450571
232,"Maple Road, Green Lane & High Street, Parish Lane, Penge",174.1618187510554,-0.44237133613546686,-12.130394203801997,-0.45249953856412317,-1.3099382215006112,-0.4250252024209997,-0.45249953856412317,1.6150120065525202,17.37192076080297,2.420663982542338,-10.391393354424348,-13.714815600823274,15.141117684156553,19.97950099331312,1.1899868041315205
233,"High Street, Colliers Wood",317.7449037855445,0.5287251683176584,52.28998084347697,-2.4649558135865357,-10.316319362455653,-0.5891047925138058,-2.4649558135865357,3.216276803118796,41.62780723367644,-1.0196411422562626,-13.457955769421003,-22.175509608195327,44.45133820668001,29.750190617905663,2.6271720106049905
234,"Lea Bridge Road/High Road, Leyton",261.6748290787213,-0.5183080574872091,-19.917227487048482,-0.3262895652523657,-32.25326163419897,0.055397456710007065,-0.3262895652523657,1.7959914559124261,10.308409368340747,-5.535132820180014,-13.761140099727438,-20.48673541444709,6.988349997780249,12.843080203893807,1.8513889126224332
235,"Seven Sisters Road & Blackstock Road, Finsbury Park & Stroud Green Road, Stroud Green",670.0658182649983,-6.447168515886259,-229.55018495328915,4.746144587106077,45.92511738261832,-0.7495977170976126,4.746144587106077,4.048262867736382,74.40544001492071,24.322938221518463,-65.04813789456281,-77.4097059665121,68.13725003702511,103.89262908045991,3.298665150638769
236,"Kingston Road, South Wimbledon",194.2267373856676,-0.3600478094429273,14.5808540445756,-0.6115347186516218,29.822664502164653,-0.21775974025969744,-0.6115347186516218,0.7688624971519016,1.293922618831798,-16.80013430566575,-13.822771329221354,-19.43542212294393,10.5079221229439,2.559542162554597,0.5511027568922041
