id,objectid,highstreet,highstre_1,area_ha,gdb_geomat,test_IMD_decile,test_IMD_rank,test_income_decile,test_income_rank,test_employment_decile,test_employment_rank,test_education_decile,test_health_decile,test_crime_decile,test_environment_decile
3,3,3,"Carshalton Road, Carshalton.",4.46221045732243,,8.04677249907836,24646.4162728424,7.20896631110171,21913.2176062094,7.68236444977372,23592.268325286,8.5202528348579,8.28265702076728,6.36828182533319,5.15010326835087
4,4,4,"Mitcham Road, Croydon.",6.93603932993394,,3.13858127474816,8464.67869789885,3.145999614818,8262.36738784528,4.0441291265954,11693.16408191,4.37686911415654,5.07867414759675,2.64104045138995,2.88146781772713
5,5,5,"Bridge Road, Chessington.",4.90716859866954,,7.6446677992675,23650.019265129,7.18502939299921,21536.3442293837,7.47935262827748,23518.2079900098,5.80914486159931,8.51766434208962,6.62502140574188,5.36328284690473
6,6,6,"Brighton Road, Purley Oaks.",11.9412177716037,,5.9025757346138,18723.4558318924,6.63088243511709,20699.6355020176,8.23801172156038,24582.0239397295,7.81282844056011,7.55264628224699,4.32453255139127,2.29090457008406
7,7,7,"Brighton Road, South Croydon.",7.27156175758272,,4.99982206088346,14075.8906394337,4.06363330845444,13063.1726675291,5.99251115408428,17957.695389525,5.09871328122096,5.05019652768155,5.0065457323668,2.07634016816645
8,8,8,"Hook Road, Surbiton",6.92763785944499,,6.06480564341753,16777.9982379151,4.12223469408518,12911.2635261841,6.07473934790009,17479.3590748158,6.04949252752484,8.03077846368561,6.02566749258107,4.02106403039657
9,9,9,"Central Road, Worcester Park.",21.0169443106464,,8.60918837496066,26495.8064474403,7.5331721509701,23270.9862058622,8.61629235171463,26790.723226178,7.77690488319659,9.17529950186198,6.17706033970373,5.07921981776004
10,10,10,"West Wickham, West Wickham.",8.09258743225915,,7.62978142301723,23749.5645934043,7.08267741374576,21474.1255448337,7.56470075873531,23236.8472922439,7.41740894951964,8.20139036599771,6.2643576952924,5.96140055628985
11,11,11,"Brigstock Road, Thornton Heath",4.70340600367599,,3.73069974885433,10897.6357018179,3.44762353015649,10282.2749008671,4.47840507188408,13001.9482066233,5.59430934454894,5.3644992295853,3.42911044864897,2.71925212487363
12,12,12,"Manor Road, Wallington.",6.42843462086715,,6.2845406277627,18487.1866605298,5.09088030622211,15075.1220596221,5.24634138023968,16151.3819012958,7.5052628535944,7.49561080001839,5.89570353715137,4.53897352809404
13,13,13,"High Street, Carshalton.",7.90956230574153,,6.83888026583847,20611.6341617985,6.13074945799366,18729.9101880445,6.21780303595557,18616.8991893613,7.99292975216486,7.32698670168372,4.97882496757425,4.49930381024414
14,14,14,"High Street, Farnborough.",5.81484587481314,,8.54988920102018,25507.8725857283,7.81165931357835,23664.6047755113,7.75636339201109,24009.5340160085,7.74946505655877,8.82559072861527,6.01196352534614,6.4260330509443
15,15,15,"Hook Road, Chessington.",7.11171813209076,,6.33789752708169,19584.6453484994,5.90463579471647,17672.7283427718,6.10134466954831,17794.581405661,5.36696119094548,7.22257425654059,6.45891884111538,4.55855279453909
16,16,16,"Canterbury Road, Thornton Heath",9.4924120961895,,3.37767263098486,9634.61693158275,3.23985085197775,9130.28217222175,4.6876210340663,13772.0154199895,5.4657904770942,6.14302893514624,2.66179476788003,2.14546092028863
19,19,19,Crouch End Hill & Tottenham Lane.,20.6524893435462,,5.14203775893132,15453.5304365254,5.67445126629763,17689.7852431612,6.32896349522376,19363.4466400819,9.11345027846753,6.92078362903488,3.14496330065351,1.96536558190439
20,20,20,"London Road, North Cheam.",16.2622179913762,,8.34821692938515,25919.3134167774,8.47621640356332,26576.1808265581,8.84949095499916,27838.2850079082,6.02646978968132,8.92574222286005,4.96874764914998,5.17791804179393
22,22,22,"Upper Mulgrave Road, Cheam.",4.85102266879414,,8.64034065594987,27078.1173570309,8.20951476104743,25364.7695910017,8.40536218768605,26276.530322274,8.97685585471389,8.74601277117057,7.94444474416829,5.8170675794931
23,23,23,"Oldfields Road, Sutton.",4.80456073062591,,7.6700163529391,23561.6249233801,7.05966255038135,21676.7412377669,7.91463480612835,23923.3482380608,6.49449329055385,8.28783967353382,6.6569968183238,4.85866434036126
24,24,24,"Epsom Road + Stonecroft Hill, Morden South.",9.2646527727011,,7.08217449229532,22582.6870705709,7.06182971359261,20197.8499978301,7.08553798626221,21396.9478481262,6.01785694177425,8.05859621518746,6.8672213518312,3.18637001858187
25,25,25,"Staines Road, Hounslow West.",7.45509035028604,,4.1929480101552,12572.3105000212,3.56653150128329,10726.1928184833,5.28623427582135,15254.1701139727,6.40924932562113,5.55812983317414,4.66554289021226,3.85634747847268
26,26,26,"London Road + Thornton Road, Thornton Heath.",13.1706630397476,,3.97368201869109,11243.975577061,3.95059934560826,10623.0740184283,4.06932143674442,12797.6784651718,5.10372205361944,6.85383155893702,2.97613336548833,2.94286966361885
27,27,27,"Red Lion Road, Tolworth.",6.65878816439032,,6.93184970329667,21639.9508024346,5.88181131720848,18423.6088722363,7.41264575326816,22614.1841257603,7.72425983587226,8.00048790982538,5.91211123497493,4.29059716700866
29,29,29,"London Road, Thornton Heath.",7.58878752034838,,4.52707231378213,13271.3676848501,4.35583432586502,12971.098667929,5.5775656425743,16329.7615579812,6.3224163594342,6.91376391905532,2.91144686648588,2.95973268176171
30,30,30,"London Road (Cricket Green), Mitcham",5.87602540898022,,3.06031644283335,7703.82577894855,2.07614393847312,5838.0769707631,3.0836541878059,8090.55320512602,3.11019775078397,4.07244721720417,3.05447967405085,3.01442880776944
31,31,31,"High Street, Hampton Wick.",9.13721138651793,,7.91671009534246,24298.965895112,7.37513161266174,22568.8696161908,8.10579440171369,24491.6911547511,9.28840862986216,9.30911073257423,6.06921128614038,3.73666056367089
33,33,33,"Ewell Road (Ellerton Road), Tolworth",6.8950816284332,,8.33503036804008,25562.6232965963,8.16278172934423,25298.8995103032,7.91092359440763,24522.2180151623,9.39280132360184,8.78624370485651,6.49570015097037,3.85763118288144
34,34,34,"Elmers End Road, Birkbeck.",7.96387965220368,,5.49904435407455,16149.463445165,4.69402186542155,14081.5220091831,5.4738913391401,16083.0798524865,6.20593394969383,6.97545733461098,4.86502590264761,3.43850672495353
37,37,37,"Limpsfield Road, Riddlesdown.",7.46171869741302,,8.93651420397985,27848.9767058117,8.09665949862454,25692.0104059725,8.65452797590456,25723.1705143166,8.79625217942542,8.1401093534394,7.324299229896,7.0921091435271
38,38,38,"Yeading Lane, Hillingdon.",5.1515883233726,,3.36697634686811,9366.38580214444,2.8199463517835,8047.25670913001,3.70843113204839,10984.1245354302,4.27376881218347,6.03136707010665,1.97422575212596,4.78403602904293
39,39,39,"Lower Addiscombe Road, Blackhorse Lane.",10.8168386708431,,6.84028516809389,21348.4793114071,6.8432418181325,21078.9372414196,7.79455854287492,24621.0458526968,6.96874898360178,6.90254823758041,4.99741332024132,3.93906891016135
41,41,41,"Beulah Road, Thornton Heath.",13.2801085256967,,2.88101499388971,7759.88829666117,2.71793717583114,7727.50575805418,3.5128301743373,9444.20003079309,4.90719981889251,4.29179425113588,2.68990687674896,2.00177358270684
43,43,43,"Staines Road, Feltham.",6.47029788143338,,4.27098729870217,12362.2665696591,4.13753197154934,11614.1219282137,4.96305884766175,15150.7971414051,4.17375547703214,5.79018814868547,4.83905280543044,3.62118172696597
44,44,44,"Richmond Road, Richmond.",6.52272575950998,,9.0942788108248,28281.8680785886,9.05848605469174,28334.9129099116,9.39874491489443,29445.0396416998,9.78022722559075,9.71761434944076,6.33134431299505,3.08382814840693
45,45,45,"High Street, Hampton Hill.",17.0448496132356,,8.2043325388919,26121.531653007,6.67954805659163,21047.1405752722,8.45881342058153,25471.8161068617,9.82825458498018,9.11235531296939,7.38498844674993,3.66339053253241
46,46,46,"Durnsford Road, Wimbledon Park.",6.9497374256094,,8.18270209444901,25330.1695571909,7.73634961545859,23947.4491483399,8.35903751957906,26070.9291081724,9.53580162930355,8.22457613258344,6.61799117626699,3.30825507332444
49,49,49,"Haydon’s Road, Haydons Road.",7.56962181385045,,6.16698559377497,18461.1078862766,4.32041312914341,11797.935784111,5.35532273264602,17245.542318953,8.11700782402467,5.28453645013259,5.99718740912321,5.67332624006439
52,52,52,"Ewell Road, Oak Hill",6.08418976957606,,6.15817935741902,18982.2914756137,5.82666731860043,17523.4401476616,6.58088712744948,20362.2026391995,7.48844951738327,6.69595694280612,6.50035894516952,3.95316429619605
54,54,54,"Stanley Road, Fulwell.",6.22315419951215,,9.00036907959811,27335.5063152698,8.01216434655728,23306.325975318,8.02523103752491,25493.7970428615,9.98782744012862,9.02492910747783,6.99484106667559,4.95370873272702
57,57,57,"Bounds Green Road, Bounds Green",6.35048536040565,,4.87317163444483,14389.4828764679,5.31084026365176,15389.8923001217,5.80142161799943,17656.6318887696,7.55046653339251,7.54289167596542,3.36992089530729,1.84714022847078
58,57,57,"Bounds Green Road, Bounds Green",6.35048536040565,,4.73890950072757,13953.9381300764,5.3478695697437,15468.9763215035,5.70763799428786,17324.6131966116,7.38520505628041,7.51366208626788,3.25382571819878,1.53252454309108
59,58,58,"Kingston Road, Wimbledon Chase.",6.54273428719781,,9.3272133015314,28167.5436302616,8.65941179002721,26970.3491958877,9.05281176775165,28154.0770796019,9.68100464758876,9.33917263312962,8.72705499242468,3.13459237185011
60,59,59,"Kingston Road (Westbury Road, Sandal Road), New Malden.",7.06549732866055,,6.07687738664576,17616.465822652,4.13049943383821,12811.0401344264,5.13826284134479,14741.7738788682,8.98257991068846,8.04474708810488,6.04473607027074,2.10992571140137
61,60,60,"High Road, Bruce Grove, White Hart Lane, Tottenham",69.0710726318276,,1.53297526377477,3573.18277851038,1.67357183788342,3345.34316316141,2.02701923980029,5404.51153146124,2.8507157985976,4.19862166653546,1.2034172492089,2.67271710460437
62,61,61,"High Street, Wimbledon.",11.0096029446756,,9.80213260235725,30917.2041947009,9.75787434723557,30624.5749621251,9.86228081598665,31848.6958491111,9.96726091751488,9.84584452399642,7.09810231331316,4.70852590165878
64,63,63,"Green Lanes, Palmers Green.",21.4878962617497,,5.90028687989407,16655.9245124721,4.9979985371309,14078.0317938186,6.78432105015268,20139.6621924663,7.9800623739801,8.61580039640967,4.96389343697175,2.40096121488158
65,64,64,"Streatham Road, Mitcham Lane (Southcroft Road), Furzedown",5.21149740279595,,5.0897289421799,16036.0233211592,4.15567466474881,11148.1821375754,6.05667845281984,16920.8454401541,7.01688921045189,7.92661783109633,5.80222914839395,2.9786454522831
68,67,67,"London Road, Romford.",118.453868863613,,4.09383317317621,12336.0776808288,4.07161607884094,12252.3502918669,5.34707191156197,16342.9213711877,4.95392220516886,5.7519048991462,2.48457114323068,3.41711367075636
69,68,68,"Kingston Road (California Road, Dunbar Road), New Malden.",9.66187038200922,,5.48238285436284,16886.8277596365,4.86083449611207,14304.7747369986,5.84559207204567,17129.8782898238,7.07040344448702,7.07714308470765,6.27589167687877,4.43981901869676
70,69,69,"Sheen Road, Richmond.",5.59228580824511,,8.97643923711952,27626.5372271528,8.88495164108752,26839.8780943959,9.69512217275882,30043.9648295853,9.97023441705958,9.92474206196926,4.61713804195197,3.033154554825
72,71,71,"Eastern Avenue, Newbury Park.",24.7280053423597,,5.18590821949702,15574.3262720332,4.92896845171309,15044.41637222,7.82964461474984,22764.9221963369,7.87771217304181,5.72665872451001,5.0094089978067,1.487275933646
75,74,74,"Station Road, Winchmore Hill.",7.70657209186345,,7.97276109527231,23979.0974132325,7.00373298659479,20626.6133866479,7.03909291611671,22896.1487808035,8.03028837567126,9.95867892340968,6.99166997975661,4.99727740805923
85,84,84,"Pied Heath Road, Hillingdon.",5.82296467688485,,4.9523386757855,14600.1720923341,5.04589736433659,14702.4522279073,5.37774721567807,16127.6476769835,5.06822711896425,5.73358975554039,3.57994561850829,5.53236622059275
90,89,89,"Green Lanes (Compton Road), Winchmore Hill",13.7442201098268,,7.8725196963483,23814.5680896284,6.90699421296066,21035.4108660088,7.90463156109589,24163.2819785179,9.82663425380575,8.04066347300721,5.99281019999887,4.97109694427683
91,90,90,"Fulwell, Hampton",12.8982508125148,,8.4866445545656,26004.1791210718,7.75989030995186,23517.105722578,7.91520328528023,24386.6748053961,9.41783015988021,9.06292575654324,6.00776674620659,4.24138830978164
93,92,92,"Strawberry Hill, Twickenham",0.817005561150765,,9.18311025450222,28432.0179598217,8.64082054659897,26509.8485182745,8.92379742507264,27421.7316350866,9.8014183649607,9.68095392607283,6.12055690807758,4.07191269737265
94,93,93,Topsfield Parade.,5.13180771844332,,4.12272446711475,13008.1821487386,3.41242688597313,10620.186828676,4.84307565824345,15045.9223105052,8.50586044948126,5.32927516802927,3.84805327955499,3.09280899680337
95,94,94,"St Margaret’s Road, St Margarets.",9.19462167928396,,9.7412543652116,29667.1319799526,9.72866615301954,30211.1085409581,9.79162591185976,31073.5915071358,9.88924621404307,9.85999116633234,5.74244049942383,3.02529561110119
96,95,95,"Coombe Lane + Kingston Road, Raynes Park.",19.0537958052953,,8.25246419260963,25117.7402837016,7.45735892925171,21912.3437711767,8.45392076244661,26046.3348846537,9.97643124270273,8.85532328114998,7.36043964538927,2.85684697738785
97,96,96,"High Street, Hornsey.",8.42445840293905,,4.06148899544565,11963.6633491964,3.82168847260313,10992.99395187,4.9367353341564,14674.5956073288,7.43578640342109,5.32182267377375,3.67845669147819,2.82116794332623
100,99,99,"Bridge Road, Wembley Park.",12.74966190547,,2.12575228704045,6884.24352595591,2.12369901111508,5465.79365111167,2.19615050233133,7085.9306717663,6.03168818572009,4.20338989422052,3.99195443492599,4.94447425172981
102,101,101,"Snakes Lane, Woodford.",17.0873123830818,,4.39555961764364,13395.2036461907,3.42319837270377,10792.0422932635,4.3951134218077,11677.5491051553,5.384558323521,6.29650557381315,3.98407655535531,5.85725013904665
103,102,102,"Bath Road, Hounslow West.",9.35091824702224,,4.4878870440876,13487.5684340693,4.62892481023983,13498.5337703574,5.99161418037294,18025.8658124903,7.09563074394491,6.79880412023764,3.37889859938005,3.32018121849089
104,103,103,"High Road, Seven Kings.",129.007808786265,,4.08886292568417,12564.8925947039,3.95924331532143,10834.867967858,5.05106527365085,14395.207699597,5.87707960806455,6.15869923450789,3.42022558006458,3.93033770782501
105,104,104,"St John’s Road, Uxbridge.",5.67810940194485,,5.13437921595937,15052.3370393782,3.56664526692767,11058.9168704724,5.39671240060884,15401.3217921395,5.40938335364453,6.77805385338685,7.92239397325278,5.65359689857375
106,105,105,"Vicarage Farn Road, Heston.",6.20373225512175,,4.28713114967088,11734.8895106056,3.55685487048415,10607.2197247847,4.72786517914526,14678.5376410786,6.33501147606504,7.01780162160874,2.60059171444253,3.23537651866563
107,106,106,"South Road, Isleworth.",6.28398039015764,,5.05530855718449,13843.6932824835,4.10863481142284,11384.6690208449,4.12961647302248,13474.0769951485,7.97793575802417,6.06134947129052,3.08532971462493,3.9972921492757
108,107,107,"High Street, Whitton.",10.9778488495802,,8.29386589482586,25474.2286604844,7.59610210314136,23769.2628256533,8.34176177332999,25578.923243292,9.35126886533164,9.41104177689112,5.02607956628362,3.84767308300751
109,108,108,"Chase Cross Road, Collier Road.",14.8562282545034,,5.03662338528543,15882.2931022736,4.06382198784014,12510.7711741595,5.04868662155753,16379.2302557207,3.0179003450125,7.96912927340397,4.0636744870101,5.9993111132719
110,109,109,"Kingsley Road + Spring Grove Road, Hounslow.",11.9898938030867,,5.12830695451263,15098.0902226473,5.42501368452623,16066.5484981053,6.75225085530613,20737.0512255032,7.99505078456801,7.28314025884856,3.15258080047282,3.04945168278744
111,110,110,"Cartlton Drive, Barkingside",9.82404537249556,,5.85821539705556,17588.4383784377,4.9547079413405,14913.0088591498,6.17323434665431,18513.875299703,6.70970363135758,8.08916037932758,4.28047839813329,4.44811588640439
112,111,111,"Forest Road, Fairlop",3.08146459944053,,5.63656811225529,17162.7759077967,4.95889261281008,14767.0759571464,5.92123568719009,17693.712142323,5.82045342874161,7.7811631655515,4.31002611974602,4.516504948331
113,112,112,"New North Road, Hainault",2.69231698378498,,5.29750737959893,15552.5734866296,4.77193869007633,14038.5649956142,5.64611001857119,16406.5471136269,5.12366085376921,7.38520374268013,4.06625540364804,4.99082777021865
114,113,113,"Manor Road, Grange Hill",4.3110168439895,,4.68741925318275,13813.8136877549,4.30130702771858,12238.8225734599,4.66532860139584,13811.8671486029,4.41504259539176,7.30736366300543,3.76327101518862,5.35957431609574
115,114,114,"Lancaster Road & Baker Street & Chase Side, Enfield.",54.3005935431943,,6.68239359850122,19770.2419013574,5.07295325749118,15811.2388287353,6.68563632613232,19577.1348185196,7.85661068683615,8.75735680078109,6.14812674570358,3.58123079506049
116,115,115,"London Road + St John’s Road, Isleworth.",9.785529751131,,5.82839843009586,17643.8338794386,5.9531410740995,18240.5588421856,6.89542529810177,21443.755004089,8.50493283592954,7.00821930182313,3.66703867925883,3.05377907638846
117,116,116,"Windmill Hill, Enfield.",7.9551104666276,,6.61170917874658,19471.0801033763,5.82309869726223,17387.7880702929,6.30584973827282,19690.7730871464,7.96180949125447,8.51667191032719,7.41568359878563,5.31698724961914
118,117,117,"Ordnance Road, Enfield Lock",11.5015467794611,,2.57409567998375,6801.27440283183,1.90055365684944,4842.99523020829,3.04711507945234,8160.48919430756,3.29137682663386,6.42284321567228,4.61806240476412,3.89790265088713
119,118,118,"Heston Road, Heston.",7.35731709069687,,4.42106518526114,12336.9402543804,3.87931086994765,11319.6771215071,4.98437886407295,15301.8361271902,6.5564741589983,6.85497592453068,3.17217342137616,3.43227941378022
120,119,119,"Thurston Road, Southall.",3.97159571638893,,3.1052836126575,9338.22964365217,3.10091913932118,9614.96251544261,4.06778989070926,11524.9445731401,5.00120457625638,2.33120536249945,4.07888356623767,3.99063688407671
121,120,120,"South Street, Ponders End",7.35826229021542,,1.56711777173044,4129.09525987319,1.49261767147481,3389.93961936239,1.81594769079301,5062.07030723727,2.45333710271249,4.4847017210568,3.0702122621489,1.68856926795313
122,121,121,"Vera Avenue, The Grangeway, Grange Park",3.55474074115533,,7.61252963656535,23688.4308938045,7.40880064690716,22002.8940709972,8.17781381144499,25224.2361671026,8.94020714915975,9.51430055841574,7.21551319866529,4.89001830637515
123,121,121,"Vera Avenue, The Grangeway, Grange Park",3.55474074115533,,7.98482093498459,25529.7548313929,7.97561869699739,23081.1038349442,8.96478568658165,27344.5412068009,9.95264080786292,9.97809208804684,7.96783933940315,4.04039402713918
124,122,122,"Lady Margaret Road, Greenford.",8.98913135955513,,2.13545779713824,6685.33449067152,2.11231701449284,6803.67397946362,4.018821639169,10539.0613896374,5.03459876004864,3.21982352725812,1.22436599496276,4.00635650633357
125,123,123,"Cannon Hill, Southgate",6.7894319061489,,7.96398661207815,25587.0963427666,7.90231806668177,23264.0902576181,8.9044216052177,27762.3070510119,9.92515333546425,9.93851974742503,6.93490094431215,4.92855529020426
126,124,124,"Bittacy Hill, Dollis Road, Mill Hill East",15.1970515867043,,6.60936734544796,19966.3929677618,5.78840020295849,17361.2085895366,6.66096068682715,20654.5836495872,8.22765834044549,9.10255898671613,5.5720555738921,4.86266212261028
127,124,124,"Bittacy Hill, Dollis Road, Mill Hill East",15.1970515867043,,6.32000447132746,18799.0161836519,5.35651609035744,16356.7112223623,6.05780742190862,19169.3912087077,7.93167148748471,8.71075091934341,4.86566245064192,4.56051355450489
128,125,125,"Yeading Lane & Church Road, Yeading.",7.02295907570476,,2.42592163358021,7213.93914800576,2.9768527241893,7269.1390980351,3.84117250416962,10043.4607832049,4.2050241775437,5.22967075149776,2.2976626339797,4.10813620473253
129,126,126,"Masons Hills, Bromley.",6.40409282103778,,8.001898351384,23837.5015733494,7.0241944425383,21901.4689010436,8.00986169969633,23733.336438467,8.99950971931305,8.04802581076431,6.99938334073143,4.99719598938959
130,127,127,"Kingshill Avenue, Hillingdon.",4.89442924476884,,5.55294830051179,16567.6141768438,5.30923279925444,15177.5412068898,5.77315199032247,16820.3282354236,5.39022983600845,6.99066453723512,4.44018993484621,4.04596923886076
133,130,130,"Anerley Road, Anerley.",6.39493123373178,,3.23620893371261,9337.66172500518,2.93362909066792,8246.80261399713,3.33599395147374,9346.6676783142,5.68757416679226,4.8781923964175,2.83044461703425,4.16481620545435
137,134,134,"Penge Road, Norwood.",5.28779870792454,,3.06663682346082,8173.04317977742,3.03000390618143,8877.0148561917,3.99829578665732,10347.3669210522,4.14275026480999,5.05924829280274,3.96486488113564,2.10584393204075
139,136,136,"Limpsfield Road, Warlingham",6.87692374165227,,6.98271281609179,21429.2766133052,6.97320972871237,19730.0678406728,6.03864872748056,19560.6630007355,6.03575269242263,6.01498080149192,6.06023223640903,6.9732144006832
140,137,137,"Selsdon Park Road, Addington.",7.8813786789061,,5.17109794982602,15644.6408155475,5.08140020122887,15423.5228415039,5.48331309264747,16679.2996066757,5.19235719945359,5.93478036850381,4.63947857424672,6.60050697767711
141,138,138,"Chatterton Road, Bromley.",12.7883579899926,,7.82282149584143,25485.421665745,7.64436894772474,22578.6400270629,8.00054305879472,24127.5657348015,8.18234719963286,9.80098258648093,6.48153808810388,3.86120434455388
145,142,142,"Western Avenue (Park Royal), Ealing",5.65549773685592,,5.01489984050255,14616.6106340308,5.04743193721901,15058.0685673961,7.04505141143583,21385.3691569965,7.27551095785526,7.98305793253189,4.23192112093566,2.11867028418914
146,143,143,"Plaistow Lane, Sundridge Park.",7.78842991254502,,6.06800572272048,18241.4658388903,5.64631918488074,16884.041290573,5.82473979667243,17901.8912260139,7.90489109314512,7.4646455757606,4.37003911499681,4.48994765448385
147,144,144,"Dudden Hill Lane, Dollis Hill",4.311626600793,,3.41584379563926,9636.74391684925,3.3674482404709,9485.10459024573,4.4387747483444,13282.0786677769,5.60312032367852,6.68156734442523,3.01316701327258,2.67130151700437
150,147,147,"Bromley Road, Shortlands.",7.40580057991577,,7.56653070949418,22921.1817362635,6.86884044147313,21169.3712478916,7.76303789838675,23824.9950932869,8.8697119625926,8.93063763319233,6.01844451094394,5.05762481394794
154,151,151,"Station Approach, Hayes.",6.63193646878204,,9.43896561822614,29398.56443398,9.50866593434376,29928.0478049216,9.4160077182858,29140.2685241854,8.98946977860776,9.84105404203883,6.73018100781684,6.34681526309362
157,154,154,"Freemasons Road, Custom House.",4.99720714804004,,2.70421328976464,7637.85983428676,3.65931761654351,10581.703245135,4.53861616809009,13679.1641687926,5.30786443618202,3.74314394309272,2.87451752122119,3.4066820196651
160,157,157,"Links Way, Eden Park.",8.96972459341296,,8.28060115336876,25512.2763803952,8.21940384600211,25740.0977082305,8.71068270961655,26383.7668864033,8.32268054563868,9.24512211415162,6.78413085652839,5.55478748184895
163,160,160,"High Street, Green Street.",14.0896616672877,,8.93598915306239,28241.043440829,7.57653827018594,23907.5233443551,8.85998573742144,26931.2826072591,8.8837528603195,9.30428472363783,8.54733474716097,6.64766492348404
164,161,161,"Queensway & Station Square, Petts Wood.",14.2219865594464,,8.982434325979,28204.1367286044,8.85690072144064,27836.6431557156,8.9658420906732,27754.2508584693,8.79621015818265,9.67938240964346,7.22223747979667,6.73759943020848
165,162,162,"Hertford Road (Sutherland Road), Edmonton",5.39493158094601,,2.47702227479454,6718.94202911786,2.19011215065841,5831.75106899908,3.25266110211078,8499.34696255782,3.27742355258757,6.46463541509239,3.49831893805964,2.8164396743242
167,164,164,"Uxbridge Road, Harrow.",16.3584610630958,,7.89398124562098,23646.7795989352,6.26340356338933,19664.671535222,7.23173902940828,23225.5516656657,8.91328285343626,8.31732863842997,8.45963331607662,6.09150935513257
169,166,166,"Whitchurch Lane, Stanmore Marsh, Canons Park",18.8290638611519,,6.0734647192394,17905.2228259561,5.07426118849374,14017.6377368168,5.21810660730103,15659.5326328926,8.94777353366477,9.96210377184705,6.96468008048232,5.95291198348901
171,167,167,"Blackfen Road, Bexley.",12.4994763886196,,8.00940266352561,24177.1759723449,7.69748502877864,23161.7546042265,8.12157341844379,25451.0799554787,4.96901745384832,8.66409327177269,7.18185709493333,5.02874609075713
172,168,168,"Headstone Lane, Harrow",5.84469990516691,,4.18057634712422,12743.1075265921,3.61386813996767,10086.641020524,4.19797217188081,11791.2043307518,5.42799529686427,6.72586546759142,5.3352933568753,4.85352589145833
173,168,168,"Headstone Lane, Harrow",5.84469990516691,,4.56276299534381,13943.632051213,3.87373077892803,11016.2000575453,4.57032781621803,13179.2976986467,5.90205042426618,7.09789560204703,5.37439109209969,4.94951290787823
174,169,169,"Windermere Avenue, South Kenton",2.42787483883957,,6.69194438449112,20158.9076702002,6.09364414030323,18396.3944865511,8.03686006460713,24487.2602664989,7.94253556231004,8.81367049170065,6.48211648816428,4.93512775376062
175,170,170,"East Lane, North Wembley",7.35640480116447,,4.89947704084365,14020.3436684871,4.64363095573509,13456.2116080148,6.07409462005752,17980.2106709035,6.6181628196552,8.38127781133008,5.86164511605399,4.34426793764166
176,171,171,"The Broadway, Hendon.",29.208742137999,,5.07467563121146,14713.2336931346,4.9807179692152,14344.4693847343,6.08797904307457,17835.2809583665,6.95068424579408,8.18022272360195,5.02645136118226,3.02932582901427
177,172,172,"Gunnersbury, Hounslow",2.66651575914544,,6.00523545093598,17883.2812374552,5.04084893236657,16179.1891757401,7.00387225808036,20255.9366208309,8.99569066964886,8.92284097915437,4.96048426393871,2.05069946812139
178,173,173,"Uxbridge Road, Ealing Common",1.82805832862435,,5.65833841551178,17420.7257816626,5.06230430679983,15930.1904571031,7.53320997529684,22811.4004231593,9.56817941184396,8.33658695364533,3.8214836849462,2.07170024819141
179,174,174,"North Acton, Ealing",7.66286881840376,,3.87485201127335,10702.1041049215,3.80196993387602,12015.802030953,5.44338735876568,17222.6965980079,6.05441424423294,7.30049544829875,6.16965844712891,2.25719312393897
180,175,175,"North Ealing, Ealing",9.26616061974566,,5.9466743374974,17830.5886612101,6.21649890279105,18591.4403204248,6.98243651482412,21158.3313672776,8.56434857075899,7.64542609658552,4.40868869166143,2.91764419985156
181,176,176,"Burnt Ash Lane, Sundridge Park.",6.6057122450176,,4.18246450536057,10747.1490863686,3.29422554034312,8340.45570488284,3.38148362402946,10642.0089344682,5.9479773834897,6.91614281981257,3.21648169434933,4.04417184818416
183,178,178,"Crofton Road, Locksbottom.",9.17705441457971,,9.23499335889266,28413.7166103005,9.33277513718582,28399.2995714276,9.21429508976032,28950.7486202472,8.53751687999832,9.64936376736882,6.9009809113747,6.66723131280965
185,180,180,"Chislehurst High Street, Chislehurst.",11.0169472159746,,7.61408627512869,23489.9144725879,6.96392626607767,21614.0142450643,7.75306041347419,23743.9900162736,7.68123284904142,8.63735695016902,5.34772705750871,5.76639609085421
188,183,183,"Nuxley Road, Belvedere.",11.4231467875281,,4.13333982358031,10761.6627553797,3.14697167920884,9497.42648395758,3.18224215419711,9478.32265299922,3.10747494410831,5.17808903655319,5.06104534168691,4.0788938298212
195,189,189,"Chamberlayne Road, Kensal Rise",3.21608435617936,,4.63443899672578,13607.567272804,4.09516163941879,11929.9020806296,4.96262360973929,14900.3303355505,7.67167455411524,7.37968878722319,3.6919690200256,2.7052535371462
201,195,195,"Wilton Road & Harrow Manorway, Abbey Wood",9.77796769565057,,3.868204328217,11466.3254551181,3.31267279137407,9566.39299248493,4.36950009773799,12253.2677700698,5.18429080990631,5.96341772109925,3.29733266112452,5.02036321356419
202,196,196,"Barnehurst Road, Bexleyheath",3.12198080957,,6.90997983314719,21138.870863346,6.64962046867104,20311.3141258367,6.54739447846487,20041.4435972148,5.30697156016997,7.87693634165417,6.48737432664234,5.57429487542972
203,197,197,"Midfield Parade, Bexleyheath",1.76251686775435,,7.13508530677591,21748.0359297945,6.91877426199846,21362.2802338516,6.98975229374206,21553.5532775827,5.56863944165302,8.12741935427781,5.90248825610978,5.58038474870487
204,198,198,"Long Lane & Heversham Road, Bexleyheath",2.09818249248464,,7.93315289026921,24424.476272817,7.51097466724109,22987.2295147979,7.68637793438436,23501.7441671979,6.05330994161404,8.5266062040505,6.90802717478602,5.54765884822014
209,203,203,"Barking Road (Balaam Street), Plaistow",18.9473735186696,,2.06699852592803,4578.64663075472,2.16761191538031,4955.71487220968,3.19744425158938,8313.94699844511,4.07623631606995,3.3017942662183,2.05102996244877,2.04644594391084
215,220,220,"Seven Sisters Road, Seven Sisters.",5.18683874972527,,2.51783712751123,6335.10519270664,2.04819865171889,5072.66914394414,2.5741145803633,7380.61072993283,4.02286312513042,4.0574052301741,2.51371173651212,3.45520056971893
218,212,212,"Green Lanes (Vicars Moor Lane), Winchmore Hill",6.83161602915078,,7.47023614707676,22762.28008594,6.62422160175202,19988.0857242726,7.68380277286305,23738.3434527226,8.27932765274825,9.19971547418909,6.71555305330921,4.90047623817642
220,214,214,"High Road, Stamford Hill / South Tottenham",18.4147281939351,,2.98308391340253,8206.61199860649,4.21601354451282,11526.3123568089,5.22576157745304,14763.8519161137,2.79332404950746,5.58655117852033,2.74171538373115,2.00085913145665
221,215,215,"High Road, West Green Road, Seven Sisters",16.6115437760505,,2.98848424088974,7577.09403458384,2.99670099634409,8119.45668720722,4.40014867847635,12162.287420944,4.30914374687755,5.88680108214411,1.81178463002325,1.66529209605295
222,216,216,"First Avenue, Bush Hill.",7.09487416703645,,4.08525993880128,11420.6632248397,4.05876002492916,10661.5705459433,4.13764569909252,10921.4678286744,5.99617693003313,6.14345989219341,4.08265850276241,3.03290821818082
223,217,217,"Silver Street, Silver Street.",5.12862096054841,,2.22157742100323,5087.29672234956,1.36098161474153,4064.18044736971,2.48586363987042,6537.06409503684,2.36981861534413,5.49410182313673,3.88397704477533,3.62937491563908
227,221,221,"West Green Road, West Green.",5.36558901053021,,3.07399593296666,8608.72370607328,3.05504378181296,8203.46332521284,4.11633482297729,11805.238815438,4.95973555680056,5.57184395731937,2.16722928216415,2.58689698950986
228,224,224,"Grove Park Road, Mottingham.",7.48116803325856,,4.80484344218262,14325.1754612539,4.63089085024038,13392.124642752,4.80485328135788,13961.7977824174,5.66590579189129,6.39465069712858,3.07516776687817,5.10876387550831
229,222,222,"Lordship Lane, White Hart Lane.",6.63376459630915,,1.55221460045827,3806.42799089758,1.52565155530103,3434.06603245782,2.29387424124723,5997.04252377531,2.65124743966301,4.85246640730821,1.45040022761613,2.30283390763696
230,225,225,"Southborough Lane, Petts Wood.",4.70768930429613,,7.5434270167248,23991.5228355044,7.36238113894854,22958.4994921136,7.99382673751694,24508.9871205829,7.87463023005799,8.98549847170919,6.0768116763448,6.34893969168689
231,223,223,"Lordship Lane, Wood Green.",13.1309424046213,,2.60725382469666,6900.05501469555,2.66364659744323,7177.6744027301,3.72546033560912,10340.904819546,3.84678041192972,5.2702329531902,2.08181000308361,2.13878596197868
232,226,226,"Pickford Lane + Avenue Lane, Bexleyheath.",7.78048391517678,,8.35056752500162,25564.0873934213,7.48200099008203,23248.5511097577,7.46242754819953,22401.2580547426,6.47720147511754,8.71707105381041,7.5354885485248,6.12889546389888
236,230,230,"Main Road, Sidcup.",5.47730139896089,,7.99402486307602,24091.002560913,7.0134314580653,20239.5850801321,8.95465264180745,27163.306970285,6.98909403236162,8.97153948151544,8.94090141818684,3.09198161912007
238,232,232,"Upton Lane, West Ham.",7.31219508910272,,3.04748897133599,8885.4335113434,3.08692322365742,8386.26370884155,4.33151707326657,12866.5405478114,5.15511056269902,5.80800830959226,4.39747436456869,3.39001541600648
239,233,233,"Woodgrange Road & Romford Road, Forest Gate.",37.0726380796985,,2.53651165882422,6923.04166384714,2.52225206742101,6931.69980767502,4.22338990247015,12310.8992177289,4.83443983976059,5.25961564130892,3.19768316411951,2.2929893692407
240,234,234,"Bexley Road, Erith.",15.9562331500602,,3.33588197217056,9523.24251777301,2.36487885959395,7072.61003829623,3.31919488780365,8790.56718709508,3.08275707821832,4.68823813954782,3.93321709207824,5.45020751964866
241,235,235,"Bexley High Street, Bexley.",19.6926072482182,,8.00162877203698,24094.2826158266,7.02803402506976,21478.407121406,8.00287650147127,25571.5257497627,7.98126317223885,8.01188281318746,4.05006368955081,4.03926878907436
243,237,237,"Billet Road, Walthamstow.",4.39586311694429,,3.28089684959109,9101.60596403095,3.10494065468806,8517.9761809515,4.25196629656392,12406.9181823471,4.47970828216105,5.73326908363575,2.97964155919349,2.32997456129947
244,238,238,"Cotmandene Crescent, St Pauls Cray.",7.25472839079926,,2.87039430093783,7022.57332765828,2.16108451908103,6127.97015531787,2.9388402343015,7148.07058730936,3.02357076403695,4.52994323670006,2.19055836286549,5.67292242397717
245,239,239,"Romford Road, Stratford.",4.37647667006272,,2.81795358438997,8030.11933097291,3.03654665480594,8476.8781980693,4.38528092944659,12795.7876965391,6.22970200323828,4.35147015576103,2.65201449475627,2.4352950831927
246,240,240,"High Street, Plaistow.",11.4407314745241,,2.97966889282251,7806.14547305263,2.99862271754683,7762.05118610575,4.03248926059181,11224.7814957376,5.82580608999985,4.95291131322127,3.21433196004014,3.01637978266589
248,241,241,"High Street South, East Ham.",5.85080622425622,,3.21744840374152,8554.35888302922,3.30683193773563,9135.79576088688,4.7025548545853,14001.0995150873,4.79932595593595,5.69971400374459,3.75980713780352,2.82198150439397
249,242,242,"Church Road, Woodgrange Park.",4.97271773777431,,3.15881366263684,8937.90576773152,3.37151902367508,8954.51330844214,4.93073924212172,14028.6609461118,4.39555837682212,6.295930703238,4.55167965311649,2.80903509773081
250,243,243,"Romford Road, Little Ilford",7.11095294002234,,2.12613161208331,5304.12546459187,2.13902261883138,5471.86200570266,3.19825932511034,8170.28544413516,4.0886092362079,4.24211653472931,2.19573761783478,2.99997180933641
251,244,244,"Forest Road (Pembar Avenue), Blackhorse Road",5.78140177765841,,4.660945518,13545.6780763638,4.58631432044408,12473.4641357729,6.47385479387118,19122.7413881541,5.93280080024427,6.71577297105727,5.33028549156694,1.61274704217507
252,245,245,"High Street, St Mary Cray",6.03504332891302,,3.80948842067748,10101.7370635295,3.00818536637031,8572.5292259211,3.8497117989044,11487.2902163683,3.83745690820079,5.25443894535115,2.0920703038191,5.2460769984912
253,246,246,"Sidcup Hill, Sidcup.",5.16837738007328,,3.38797209907689,8735.55942880553,3.06687210645829,7913.88277728313,3.47913749850357,8835.21808947575,3.34154497490496,3.8225611956202,4.6051685764514,5.12290265917794
254,247,247,"Blendon Road, Bexley.",10.0166632443387,,6.10519764141705,19445.2291256308,5.13909748285871,16795.4119998187,7.06210689773664,21401.8964006688,4.08493200731508,8.04057303020125,6.05172787450642,4.06127388713672
255,248,248,"High Street North, East Ham & Barking Road (Greengate Street), Plaistow",73.9514228667311,,3.07856366502166,8456.98479291758,3.97198217899518,11374.6249627368,6.18799246399597,18747.2410328905,5.2948586026169,7.40341515641808,2.19792423568599,1.8950675616205
256,249,249,"Burnside Avenue, Walthamstow.",7.22187719545165,,3.0485243219779,8469.57927073714,3.04712742718004,8318.48966962548,4.03952218884266,10909.3171108413,4.04066381549099,6.01373572739553,1.11249197598618,3.95467533453396
257,250,250,"Chingford Mount Road, Walthamstow.",9.69806591287962,,4.3282178962645,12449.8036767702,4.36442007860707,12198.6524665615,5.22463586146528,15648.8407584236,5.16682066350899,6.5181251911414,3.35660079007747,3.10095742033198
259,252,252,"Old Church Road, Chingford.",13.9731839121659,,4.48478837313203,12497.8370110289,4.32579625953261,12180.3068524346,4.82087530902493,14224.8927984417,4.59191241096587,6.51511469894742,3.57688527074134,3.44105770636778
260,253,253,"Forest Road & Palmerston Road, Walthamstow",10.1354268623299,,4.00113805271212,10188.7737337322,3.08653379049197,9364.48604975466,5.01884900992091,14317.4490982316,4.21676720060498,6.00559648589169,3.98327417841037,2.03837324655899
261,254,254,"Station Road, Belvedere.",13.26533667261,,4.6038232078837,13343.7601933994,3.90170539500526,11260.9798294015,4.87278915713351,14146.7542256561,4.49673666424211,6.93240533881497,4.44995840988477,4.43078092917351
262,255,255,"Kings Head Hill, Chingford.",7.18195928058036,,3.03902917893515,8808.05072233776,3.03221775786098,7699.20310005127,4.01743207829356,12747.5975553241,5.98101988325277,4.06631348622238,5.96970779841674,2.04974994207384
264,257,257,"Grove Green Road, Leytonstone.",4.6058507326286,,4.78447725407671,13520.1462144458,4.76486136685979,13836.8652751492,6.03139831500909,17550.6790979403,6.75834003133767,6.73010321923948,5.37084682763978,1.54138642231112
265,258,258,"Greenford Road, Greenford.",7.14188623510045,,4.5154125590565,12891.9340764421,4.32296334890396,13041.339987834,5.44233315736159,15963.1623068554,6.87406478309603,6.19525353172996,3.47505702743238,2.91935206543286
266,259,259,"Northolt Road, Northolt Park.",8.86439155728783,,5.44237314161708,15963.6982799652,4.50175505311718,12886.2944201279,5.87065767643803,17381.7654372248,6.56699341293049,8.32588899647217,5.42384542216706,4.24275886693079
267,260,260,"Western Avenue/Greenford Road, Greenford",4.90554535811702,,4.26407717637439,12118.5180511882,3.88008981038546,11263.0752166921,4.7931173691289,14356.4920369455,6.4565099505706,6.39577353965816,4.43729856509073,3.23490334443268
268,261,261,"Oldfield Lane North, Greenford.",6.55029984230655,,5.02367874897806,15073.1808822273,5.58212092333264,15639.5791977927,5.93064621233439,18756.3812955648,7.49445210376609,7.17249870024696,5.00912004731544,2.50271635894315
269,262,262,"Oldfields Circus, Southall",5.30943326804923,,5.45773088148688,16128.443577038,4.88788166527445,14117.2282825173,6.08490680196879,18767.5534844883,6.09410584774509,8.28927922896004,5.19131645235826,3.9919155686695
270,263,263,"Pittshanger Lane, Ealing.",5.76867111091973,,7.23505665440512,22081.7329496901,6.89279800864271,20921.0986520216,7.46950688649199,22921.6155509464,9.10414736396735,8.5193325747219,5.934567674507,3.4691847212553
271,264,264,"Pinner Green, Pinner.",8.53904440956336,,5.08702793489846,15815.3348463655,5.06934326045695,13577.0184596088,4.10838337104331,11264.5114434962,8.02277773360868,7.06330697870908,6.03969597232112,6.02568837007752
272,265,265,"Boilton Road, Alperton.",5.15382456101561,,6.25139927316378,18851.7968794679,5.66707118689038,17340.9601899699,8.0110953218673,24130.6950172346,6.14652396249327,8.86815359806944,7.29538599267916,3.09566053656311
273,266,266,"Watford Road, North Wembley.",6.06820793976082,,4.08112723860563,11707.8562755481,3.10958106074179,8230.23472388595,4.14277193438303,11667.3174866136,6.06774792801823,7.06678766947768,5.01516852172109,4.97361488068852
274,267,267,"Pinner Road, West Harrow.",8.98215431414266,,6.89528559656124,20653.6908204577,5.13629763543731,14712.8741926115,6.08920751111836,19124.8126698772,9.71732263424279,9.69041632799042,6.83521174111527,5.06636284587064
275,268,268,"High Street, Harrow on the Hill.",7.82428470635205,,6.91351897017851,21324.4760471212,6.40132757625938,19022.9197091363,7.36466869740858,22934.258548798,8.78760072692374,9.15998624171231,5.7213353635442,4.93343144647608
276,269,269,"Greenford Avenue, Drayton Green.",4.63102911779083,,5.5027372823178,16374.3472395261,4.85837706807569,14970.9749081074,5.5472482237249,15786.7887864179,9.01525149186979,6.84179192760151,5.70321936605695,2.46265686425231
277,270,270,"Greenford Road, Sudbury Hill.",9.17589074593026,,5.80830088289272,17091.845494134,5.04237505527666,15318.312499185,6.66988933570203,19751.7384845428,6.95599120568523,8.78486724211432,5.71045610406233,3.5419246718364
278,271,271,Horsenden Lane North,5.5579348193878,,6.86699888988319,20208.7206373063,6.11731161787573,19284.5812521036,7.97120468308323,23988.7377519564,7.29970017793348,8.84206739526957,6.21043180257942,3.81820523506886
279,272,272,"Harrow Road, Sudbury and Harrow.",11.1295283116598,,4.68132661097076,13992.6411548579,4.50232024481797,13728.9924318037,6.53450554947412,19896.3467947411,6.63849826053644,7.89808344356273,4.50889215234113,3.73222244442993
280,273,273,"Anerley Road, Crystal Palace.",8.8825720645795,,4.22704051070112,11714.9108624944,3.75546920094996,10618.5606894168,4.62434321378798,13313.8292196854,6.82744195214594,5.78559878319905,3.20547917875971,3.75246503843195
281,274,274,"Kenton Road (Nash Way), Kenton.",17.7227535976618,,6.71653598716275,20237.3174285785,6.01073058045192,18522.2724304884,7.47605401043684,22898.8469010756,8.3450652964096,9.05585664276871,6.28945743054643,4.76320158182369
282,275,275,"Croydon Road, Beckenham",1.98903105530778,,8.34624017921143,25644.6206818522,8.14251038295038,25452.6462843089,8.36216747194576,25831.4368103066,8.74753639037396,9.13132985544451,5.92607636961981,4.46327525614964
283,276,276,"Beckenham Road, High Street, Beckenham",58.8551399688597,,7.96545895411872,24501.093321821,7.16860322491145,23124.9527171968,8.7357104771742,26460.3547847131,8.24469914869161,9.69693378366328,4.38782047918676,4.81882588698217
284,277,277,"Old Hill & Station Approach, Chislehurst",4.54542546488694,,9.06248207325545,28717.6350302586,8.80909046736157,27889.3567057557,9.11705716599894,29035.0633504346,9.7196188645672,9.84815301822123,7.90737226599359,6.7812298658664
285,278,278,"Southborough Road, Bickley",3.45951265731156,,8.14695517938517,25731.21676599,7.61790588007062,23731.519454026,8.39646451680446,25920.6528892947,9.20768636911868,9.50182074885785,7.45056374445658,5.63427593247914
286,279,279,"High Road, Harrow Weald.",11.4907379329841,,5.82325773128076,18711.9041095171,4.82404241348394,14653.9866790232,6.63073542853663,20071.0763018626,8.64276139639015,9.55147448755815,4.96164307717777,5.06508418871175
288,281,281,"Green Lanes, Haringey",39.693397586887,,3.59151613914888,10509.6049817147,3.93535671288086,10880.3290020044,5.16891133225862,15733.9082407709,6.73221067001229,5.43248947967136,1.69898606744307,2.04699791779222
289,282,282,"Streatham Road, Mitcham.",5.68426780261562,,5.76873176252945,17231.430156495,4.96874288175047,14724.2306647471,6.44751947212601,19178.6185153166,6.92240776458329,7.4172398350926,4.27678342427271,3.13747282069134
295,288,288,"Gunnersbury Lane, High Street, The Vale, Acton.",68.5317194320141,,3.12918421347747,8877.42805509319,2.89549019859754,8516.4831092693,3.64185442267064,10943.7424897077,7.52225914495561,5.04509663279242,2.74768659358048,2.02259241804217
299,291,291,"High Street & The Broadway, The Avenue, Ealing.",88.3395765786789,,3.13862342847237,8388.91888880686,2.87483395811278,8408.55378255295,3.87635830490092,10909.8321441527,6.23298691254249,4.80341207187914,2.16956327592589,2.23119838549503
300,292,292,"Uxbridge Road, The Broadway, South Road, High Street, Western Road, King Street, Southall",103.905875886606,,3.60367849382146,9454.36171791419,3.34087994676203,9077.44556913745,4.88605014783682,13541.4455357138,3.41291987628469,5.97596291609098,3.88409329302019,3.36220700156763
306,298,298,Chiswick High Road,6.54979891307116,,5.26101051300957,15583.6703415887,5.00661331210699,15306.4181352454,6.11554215433441,18398.3808114198,8.52714152242706,6.35778685714703,3.86743187994264,2.68034503807187
310,302,302,"Empire Way, Wembley Park.",8.24887856818318,,4.11626459186651,12009.8616598229,4.34960242926322,12745.3256232453,5.79279608511306,17260.0383012963,6.57168502392125,7.76176840340617,3.09650582625939,3.81891318215669
313,305,305,"Acton Lane, South Acton.",6.60385183185019,,6.02874490170431,17791.962507956,5.48531061044001,16288.7428201649,6.35822173875902,19297.5586933988,8.71628669529259,7.01961567496596,5.0266100958853,3.37263382585627
319,311,311,"High Road, East Finchley.",22.257895780009,,8.90758390285974,26517.1215258371,7.92943111255972,24438.4414178664,9.39782215754851,29531.9464642421,9.47521093916939,9.9265000890657,5.0613574227217,3.0370848568494
320,312,312,"Preston Road, Preston Road.",11.6246325308864,,5.88861304333447,17060.2985358882,5.58188063312182,16877.585348646,7.63575750951408,23059.58400707,7.72181922814535,8.96330771072276,4.79177792055097,3.79901494829042
321,313,313,"Green Lane, Northwood.",11.3683375758503,,8.51031536010843,25906.6249906414,6.58707166095046,20793.3313035585,7.81214776954322,23810.0148140928,9.02455322971743,8.27258001043288,7.14754266709377,7.6829138958835
322,314,314,"Hanger Lane, Ealing.",4.9822457808602,,5.36241937670498,15629.3352341834,5.310788999224,15884.5013308869,7.40944946271763,22496.3869796236,7.30683771456712,8.35872181274702,4.86962559520033,2.16093535258492
323,315,315,"Falloden Way, East Finchley.",7.2473313034627,,8.05381571413314,24669.1066966916,7.4264337313952,22912.1408144239,8.29143918092645,26099.0185990605,9.49241121021316,9.4987935849976,6.08450246473715,4.06987005591822
324,316,316,"London Road, Norbury.",21.0751962978005,,4.49501976184411,13414.7051054563,4.48616228074723,12567.0698490397,5.97900548692786,17205.9234775473,6.9228714444373,7.46014205448814,3.5080542508694,1.58003765154774
325,317,317,"Queensbury Station Parade, Queensbury.",15.9539566414554,,5.88636361620597,16999.5487477869,5.07836033745534,15415.4760074654,8.36459866393598,25494.3561202486,6.77671210137273,9.68013294505978,4.48809660601643,3.61950849003481
327,319,319,"Highgate High Street, Highgate.",8.72325562756368,,5.82888997992269,17837.3234023676,6.56552664963338,20310.7602498446,7.12329521428969,21449.1372197882,8.91683631681112,7.60130968882677,3.70630112451792,2.38752941702428
328,320,320,"Muswell Hill Road , Muswell Hill & Fortis Green Road, Muswell Hill",16.068098132929,,6.05168924378953,19158.9417320456,7.21650356454501,22068.9540151261,8.92646970914912,26916.1733564446,9.79272004470985,6.57951498025035,3.59322711621885,2.0085379041101
330,322,322,"Cricklewood Broadway, Cricklewood.",28.3388593314369,,3.6321650889706,10048.7995160693,3.62777252451488,10269.2775204533,4.44544899088294,12600.5816623828,6.85968256966737,6.07067072105637,2.12209965864069,2.38524989333678
331,323,323,"Brent Street, Hendon.",22.4626320689484,,5.55182530118227,15825.4927917409,4.64912679013333,14319.7239799582,5.60854115383352,17159.4035469102,8.01874741201252,8.08404579359669,4.03635291953629,2.47686791423073
334,326,326,"Golders Green Road, Golders Green.",15.2654064287247,,5.33015200914168,16709.3364564761,5.29506154984209,16764.9963328572,5.35939164588093,16698.2731551252,8.213199707657,9.13200134692265,2.68622189196695,3.10764709282502
335,327,327,"Finchley Road, Golders Green",15.4443277218455,,7.26283147682443,22271.1343514454,6.51281631135393,19899.9808067977,6.92084000513379,21381.7764168558,8.94072303973807,9.5231835165212,6.31799966655335,4.10201993105115
337,329,329,"Cat Hill & East Barnet Road, East Barnet.",12.5749780842823,,5.81165955209799,16951.9097621067,4.44145530750121,13067.8579336416,5.29319972638537,15684.0363843241,7.69175124179193,8.24399693274836,4.90604544552862,3.84350277053071
338,330,330,"Watford Way, Hendon.",16.7886552923567,,7.14379318413038,21219.1214217772,7.021616831191,21591.5574379669,8.08269212257745,25806.8541282779,9.04003435310047,9.60138215550882,3.65071220666479,3.75305901151638
339,331,331,"Kingsbury Road (Kingsbury Station), Kinsbury.",13.3444437722562,,5.3380561688428,15488.5072037236,5.33750908696003,15647.8476923522,6.88535943114936,21082.4645360909,6.53354485195525,8.36053406935937,3.72718279068511,4.10496952136032
340,332,332,"Neasden Lane, Neasden.",10.3512036445594,,2.41358878431962,6158.78623589705,2.97172193336537,7550.26386028546,3.60142165725068,10299.9630788809,3.78193300850759,6.65581494492299,1.46172640644129,2.43906767099842
342,334,334,"Edgware Road, Colindale.",10.8849794426148,,5.21154601570276,15523.8777027546,5.06148243291925,14707.1513659015,6.67502442211248,20449.9939268648,6.24164689797999,8.41698768462764,4.58332586491152,3.35998111062517
343,335,335,"Kilburn High Road, Kilburn.",39.9841933391562,,3.09608420200155,8168.17055305114,2.5643895378963,7106.25113101822,3.76342578054183,10459.9811468131,6.777308218049,5.73102255688396,1.71549285720858,2.69132081001751
346,338,338,"High Street + Station Road, Edgware.",41.2096032912601,,5.1558528245302,15426.0691670102,5.02081827084489,14553.7510731838,6.12173936817556,17288.0964391968,8.73747693822918,9.00680757931517,2.35761070965096,3.25094877574608
349,342,342,"Colney Hatch, Muswell Hill.",7.73482247211221,,8.84390454676745,26227.5769503753,6.95520818700051,20378.879027636,8.89662567704885,27612.5154207115,9.90275745179377,8.9506786890284,5.93347124009405,4.87249271668722
350,343,343,"Kingsbury Road (Roe Green), Kinsbury.",4.79367860201118,,4.717407961978,13869.6292063538,4.53783692091125,13253.0091996995,6.00992390581494,18269.1697834679,6.36556626205589,8.03493014436777,3.86765087311749,4.28670936026415
352,345,345,"Friern Barnet Road, Friern Barnet.",9.85667919842243,,5.05594145560835,15814.2552632196,4.99636452110279,14130.6465248613,4.13741743537708,13196.579216732,7.07462289497489,8.02019905785867,3.0749506725023,4.03235422602646
353,346,346,"Church Road, Willesden",14.2710009648356,,2.02246160424309,4429.09121718597,1.54930345848747,3415.50579048809,1.5797568614521,4025.87485371569,3.55696009979748,5.99603675122817,2.98348870043333,3.94623463775398
356,349,349,"High Road, Cowley Peachey",0.411033351670673,,6.7034886524144,20147.4555882494,6.82155664375024,20506.8375931163,7.73154344744139,24369.9666857196,5.97897218692436,7.00811668409127,3.31825420596974,5.53261103148753
357,350,350,"High Street & Station Road, Cowley",0.42746055090616,,6.39376855580471,19234.2098932211,6.53142106299262,19890.1690469847,7.56659567471482,23572.6097833198,5.76380771099386,6.81364271666411,4.08152876068443,5.18013129948107
358,351,351,"Bowes Road (Ravenscraig Road, Arnos Road), Arnos Grove.",5.44627443744092,,5.49290110943267,15964.4572680539,4.85893250460972,14350.5879441703,5.94830752800855,17855.0783011407,7.40999816903479,7.75601089561885,4.07673721940256,3.89508020477384
359,352,352,"Friern Barnet Road, New Southgate.",6.24618908040936,,5.52431137940839,16524.8499653747,4.91519880956432,14553.2741636832,5.91054528505433,17940.2014789036,7.25470755368593,7.86718853261626,3.81777518400625,4.19935886668394
361,354,354,"Kenton Lane, Harrow.",4.33750402137587,,6.90512137306358,20742.2717100998,5.57654793309154,16523.8600084198,7.37971670940844,22683.3535292191,7.70650091572425,9.49968332854175,6.63292856485818,5.29327789942591
362,355,355,"Mill Lane, West Hampstead.",6.60853859785641,,7.02844268437646,20968.8385373563,6.1199842847959,18495.8598881492,6.80727997192028,20886.2003244685,8.38472270047244,7.99095312717111,5.69335929902867,3.41356538808364
365,358,358,"Streatfield Road, Queensbury.",7.18970206987661,,5.57038238873847,17130.6127583895,5.18076771818167,14461.4012716384,6.65535242824061,20837.8831061022,6.32683001652505,9.05319493441471,6.56566879613612,4.99564247657692
367,360,360,"Kenton Road (Woodcock Park), Kenton",11.1354339086215,,6.47245070861517,20278.5555822555,5.81464423705969,17521.1236503454,8.37941749666882,25379.6802219706,7.9050289038572,9.15891072132601,6.69443175542878,4.96046576291283
368,361,361,"Cockfosters Road, Cockfosters.",8.30515102924354,,6.74801418201584,20266.1825153134,5.58358251241736,16689.2163277798,6.7788241118354,20903.4818211301,8.20908753845774,8.76777693078902,5.7365432871714,5.0105266131132
372,365,365,"Bounces Road, Edmonton.",6.76492369304627,,2.64311600079879,6647.52197636599,2.18348422515513,5795.0240646608,3.11837637289849,8966.78518438494,3.2783362103095,6.71240699523899,2.97640278712654,2.71124780884757
375,368,368,"Fore Street, Silver Street.",29.0676296972906,,2.00040452410371,4072.01522737601,1.46098027927574,3657.31587146631,2.45819126976923,7176.20751480122,2.46553086597288,6.01840278399904,1.32334075286062,2.57943375719901
376,369,369,"Church Lane, Kinsbury.",5.5877727202602,,5.17999563862952,15361.3305146951,4.76623597755632,14616.7621685403,6.54157678712516,19512.1201191266,5.67749858569802,8.11338796851902,5.40087453182058,4.04183951611807
377,370,370,"High Street, Southgate.",20.4192889360292,,6.97777643615156,20719.1658608709,5.07372248515838,13764.6018955123,7.87143670361557,24296.2028161973,8.95126194118071,9.92232669273372,7.88383212446526,5.01930591482058
378,371,371,"Bromley Road, Enfield.",10.7970907517178,,6.02139364599411,18748.7311000804,5.02292297320087,16422.9383668151,6.01643167241227,18178.4262879674,8.9692786403523,8.98601978507353,4.08329919009683,5.00930139951817
379,372,372,"Fortune Green Road, Fortune Green.",6.58148728547658,,7.84434158699303,22835.990517686,6.08319587398632,19144.7569913439,7.03942631781825,20404.1246789505,8.89949559172729,8.08810306867563,6.70213716827735,3.91651044709067
380,373,373,"Willesden Lane, Brondesbury.",5.0351850715895,,4.92047154095493,14135.4061855451,3.11568225034528,9528.24426705012,4.0799675509405,13035.1348873294,7.05659530684213,5.27231856562103,3.87068432966626,4.73099016437254
381,374,374,"Finchley Road, Childs Hill",7.82155024471828,,5.98300800789576,17177.3811819883,5.01541047744464,14091.3172523801,5.99789963574043,16829.1530772568,7.0963109975931,8.91090467529601,5.89052655967529,3.06137322575591
382,375,375,"Shirland Road, Maida Vale.",6.2554297495016,,3.54587947318086,10224.9630053065,3.04661669971952,8060.82430170715,3.34312905882697,9684.31103892703,7.25182442451775,5.85131033794674,3.74315853249066,2.59707663835913
383,376,376,"Bowes Road (North Circular Road), Arnos Grove.",6.80292552568684,,5.76590153825605,17158.3331672977,5.30753622025622,15722.0881946977,6.64886309692668,19852.3961649664,8.10612724065135,8.1870022079348,4.45324450427533,3.27208806351066
384,377,377,"The Broadway, Mill Hill.",16.972408038904,,7.90448505769065,25234.5751758288,7.87426381229633,23877.6674521151,8.87222155071602,27465.4909507283,8.9239495524102,9.94666885033003,4.04674781774015,4.0172231337482
385,378,378,"Bastable Avenue, Creekmouth",5.53299714935667,,1.14758609426859,3009.93655364508,2.05835508290214,3872.64996146394,2.13758398537615,5480.98119292053,3.06570699700318,2.2662775967378,1.17561632299901,1.26145629271855
386,379,379,"Northway Circus, Barnet.",5.51956361100724,,6.50481177072231,19566.5456416955,5.6856484392041,17189.8254934957,6.74810814366446,20228.1893943326,8.30802887105127,9.37387432249314,5.45298826215779,4.73033808953156
387,380,380,"Potter’s Road, Barnet.",4.5853207574249,,5.07351518473522,15579.6775529814,4.07185538498926,11276.5848492809,4.09919977496748,10801.6039313429,8.02381801263899,8.04427428322323,5.02454504929333,5.0202933176033
388,381,381,"Stanmore Hill, Stanmore.",6.53036373058911,,6.94630314966212,20014.4654592598,5.94849720361145,16705.7145535362,6.95735982928759,19819.5968804281,8.91821201996011,9.90760799569943,7.01269517211423,5.176091494452
389,382,382,"Barnet Hill, High Barnet.",7.08442117935352,,6.69780157790189,20167.8930745092,5.64222491709115,16915.6659845379,6.38367939445258,19253.8442711041,8.26010087647899,9.17228039502251,5.04277369805001,5.38969784443282
390,383,383,"Barking Road, Wall End",6.16734989090382,,3.20210318740205,8976.98028175334,3.40219798149436,9125.19579272597,5.10868386419067,14916.3171699653,4.54749592033219,5.97055825376459,4.08413365036697,3.23295535366916
391,384,384,"Ripple Road, Barking.",4.52381417320046,,2.58677414815894,6942.91941565289,2.91290994024303,7532.48919956344,3.76414709241339,10876.2544483549,3.72610758115383,4.53949634077803,2.79751738367971,3.05460989672316
392,385,385,"Katherine Road, East Ham.",9.7607220357585,,3.00294346916339,8216.44118490576,3.13506187485936,8723.33270816558,4.99901676502801,14369.5829168418,4.10264092332316,7.01452513918318,4.47021929504226,1.94958498593978
393,386,386,"Katherine Road, Woodgrange Park.",16.1100853805884,,3.85050897147486,10858.1462441627,3.82418324722314,10844.2531664582,5.79449223671595,17975.6242218334,4.99097162908538,7.65483550774365,4.20460893319603,3.47080934740383
394,387,387,"Broad Street, Dagenham.",7.08024078613307,,2.17756502472328,6026.66912340603,2.8070027574707,7118.40665644532,3.15205881096482,9142.12080983165,2.78090836268221,4.81542192548224,1.99507517200202,3.20645077074022
395,388,388,"Romford Road, Woodgrange Park.",21.7488858756344,,2.20503916169557,6687.45449861776,2.22280118067474,6502.9006895505,4.15902981010181,10617.3611743551,4.2567523917885,5.98396639342737,3.94907114766979,2.27551218215394
396,389,389,"Green Lane, Ilford.",10.9871684145996,,4.98268970121502,14943.9854732499,3.9777932757167,11246.7761673488,5.46876119395633,16901.4330811705,6.45181370670253,8.28320310227916,3.63488476982604,3.51984533978357
397,390,390,"Hatch Lane, Chingford.",8.81158874859002,,5.00087839878658,14706.4911358691,5.12228131045704,14812.8242576914,4.97405557235241,15034.364753494,5.1849324711899,5.73425274625909,4.59077827617573,4.25613942309335
399,392,392,"Hertford Road (Elizabeth Ride), Edmonton",7.56384280009019,,2.62465468969472,7336.17106837193,2.34388814957966,6263.83028762867,3.53738183249318,9664.2411269029,3.32190263533648,6.61648477952299,3.40306462118097,2.78379897920555
400,393,393,"Hertford Road, Southbury",26.3927626315675,,2.51679714311533,7460.33554565897,2.0235492196573,5535.95361671933,3.39346954696403,8776.00750789996,3.02923808469989,7.10603004252681,3.7395656615276,3.47551049545469
402,395,395,"Park Lane, White Hart Lane.",5.84762098598384,,1.28889588961366,3061.27809579907,1.26367059277133,2895.38977151243,1.51492841436368,3794.17591829205,2.73173203357514,3.49776954090152,1.28708399231418,3.37529642257323
403,396,396,"Hertford Road, Enfield Highway",12.5605511267161,,2.05302965929866,5923.32258991914,2.01554610791765,4138.22997362974,3.01041425666431,6798.32164770498,3.00732172343156,6.98125444350832,3.01228530990088,3.9971347967256
404,397,397,"The Avenue, Highams Park.",9.21519063308926,,5.55911178774271,16952.6598365368,5.57608193728042,16414.5664158475,6.17963369921155,18803.9678071803,6.70831836351215,7.39451078528872,3.93328107601405,3.35319169965473
405,398,398,"Ilford Lane, Ilford.",5.26836521214463,,3.16837351413594,8564.35020851945,2.90397004649616,8168.34021546293,4.70635328750064,14178.0132276455,4.77767351449316,6.03659159362008,3.17044802016344,2.95082420555227
406,399,399,"Gale Street, Becontree.",8.53593156616339,,2.88035103745106,6649.23855039842,2.915914539576,6882.72560977236,3.93604885115043,9859.64261184674,3.01897048949689,4.87031105258351,3.02795354339566,3.01808978163809
407,400,400,"Rush Green Road, Rush Green.",6.58988290423225,,4.89340256444631,14469.8841771299,4.40977565854657,13413.4621341688,5.41992917340202,15707.2555463239,4.76561735285793,6.45453752328051,4.43297698448907,4.42223835961291
408,401,401,"Cranbrook Road, Gants Hill.",9.26256570146139,,6.06259556304825,17983.0445538916,4.13674511946764,12567.4641223152,5.18438611079972,15898.5281906106,7.98633141006369,7.1845615565531,4.96611539824315,4.97174513699278
409,402,402,"Heathway, Dagenham Heathway.",9.7431084487938,,2.01095934194361,4648.55053042678,2.03209576205423,5977.35349858142,3.00415928652173,7108.16220441541,3.90859769883793,3.07947670717363,1.10900112268862,3.03589793668785
410,403,403,"High Road, Woodford Green",5.80342799142349,,8.16241736173271,25102.5903814995,8.03037703571667,24487.1709894878,8.19212129831146,25217.9650011228,8.55053880814882,8.81467896154601,5.74941274755408,4.79475146514892
412,405,405,"Whalebone Lane + Wood Lane, Wood Lane.",16.0431558347681,,3.21600440741253,9092.13634105354,3.67903682807021,10025.4203314349,4.41446405987869,12893.9740583945,4.13283248009134,4.95984852077423,3.57901049632778,2.79268898900625
413,406,406,"Sutton’s Lane, Hornchurch.",9.09977971844196,,8.12023012986602,25063.3053478374,7.53481839150244,23149.222618081,7.9793602271478,24151.3296881915,5.59476755046827,8.45159602236344,6.85463950485192,5.93975279422004
414,407,407,"Upminster Road, Upminster.",6.31656440928147,,8.61459263944429,26847.0796356936,7.8390766287538,24031.6663458577,8.38618284908714,25931.3255180328,6.20981051771443,9.31701938375186,6.47369886942955,6.80984296527181
415,408,408,"Hornchurch Road, Hornchurch.",8.84599465899959,,6.0162704426664,17284.982182626,4.10775896890017,13353.9395564947,5.08562708111819,16553.8298555368,5.95616641591647,7.02855326982439,4.98878320606026,5.0076465085584
416,409,409,"Main Road, Romford.",6.74067497494527,,7.51224538413936,22889.1309012562,7.01776459660259,21885.141189698,7.60569729360763,23429.591489968,5.96852489430494,8.23679729510996,5.30470934904985,6.18991405530326
417,410,410,"Oxlow Lane, Dagenham.",5.76063928176754,,2.59666588295076,7103.9205223736,2.81057679487944,7505.25200012118,3.49746907862111,9932.40307776311,3.47007756485877,4.29973428855281,3.61521779486705,3.82840780009717
418,411,411,"Becontree Avenue, Becontree.",5.50195122081962,,2.20499346954672,5511.8137645808,2.27759153564505,5765.81664564856,3.18316760309237,8519.63347716811,3.2837699037864,4.14453420554215,3.02079250499313,1.63337877178016
419,412,412,"Hertford Road, Enfield Wash",20.4588356931587,,1.93806351772119,5557.29830808467,1.85539640931091,4206.68386460892,2.88694049653639,7261.39146749074,2.51696730284868,5.21570496938523,3.61197021564403,2.65290697428234
420,413,413,"Hertford Road, Freezy Water",6.47474092986721,,3.04215392487197,8606.52015009709,2.88603608959874,7543.16242378754,4.06739034815066,11010.8597111024,3.23421061116286,7.13250073002304,4.33140619467293,2.92988866944292
421,414,414,"North Street, Romford.",7.14923363058226,,6.31205221361448,19702.0978994767,6.19030338868965,18748.1644905617,6.90319355059812,20678.6078645928,4.77955201489755,7.85991236348444,4.79305296080792,5.14991080698702
422,415,415,"High Street, Hornchurch.",9.15200944511571,,7.60770031027403,23704.9216443786,7.66192824982163,23773.4539693556,8.09724137353273,24942.2635698339,5.67328398964228,8.87026628288875,4.87130353917598,6.21164266008373
423,416,416,"The Broadway, Elm Park",10.0076868283494,,7.01527504443832,20902.0457469397,6.28974727793469,19621.0601171977,6.94608791849727,20703.5831818899,4.90126510948512,8.15153313883085,5.59110313283385,4.90146140952157
424,417,417,"Fencepiece Road, Fairlop.",6.8490878981687,,5.4873161954673,17043.5978835701,5.17679132040842,15434.0270364875,5.86777162547399,17157.8949850221,5.51729773911052,7.84571148129173,4.14155964372854,3.9704759849489
425,418,418,"Station Road & East Barnet Road, New Barnet.",24.3818500842217,,4.17103102693044,11788.439118568,3.16704754549492,7508.0478656848,4.13054914241189,12162.3816607816,6.16953146134257,6.21302594864274,4.06633488288264,3.14512374918256
426,419,419,"Chigwell Road, Chigwell.",7.22434204344632,,5.8882656886344,18052.5407159954,5.5528739918308,17036.0948212118,5.81647899834523,18045.1739825502,6.05656326530275,8.21994878473516,4.04523165753826,4.80286703982054
428,421,421,"Collier Row Road, Collier Road.",8.472461928877,,5.37943521975537,16284.1493835145,4.89706333595165,15182.8429224048,5.8045506846895,16462.7860749261,3.08737314517684,7.48240397528024,4.30602972387746,5.70585882465323
429,422,422,"Plaistow Road, Plaistow",13.7486466281048,,3.03241804850675,8188.71285232591,2.33057004541475,6874.07750745962,4.04150704690206,11189.5134066448,5.0382331930871,5.71841934327131,4.12339778464336,3.85751888791208
430,423,423,"Haydons Road, Wimbledon",3.86863230988713,,7.74053200250822,23495.2721698293,7.04865735311428,21529.574977436,8.05824518227326,24740.1958283617,9.22764052496774,7.70643699873118,6.08180942317405,3.27927512135673
431,424,424,"Station Road, Harold Wood.",8.49224971132349,,6.40257296682222,19139.5596802558,5.67928057042719,16871.2776802901,6.05775419349287,18603.1854215184,5.82232718570591,7.20648336305188,4.66376692595158,6.27667437279711
432,425,425,"Harrow Road, Tokyngton",6.91638900807449,,3.92870460826638,10491.3274927563,3.93054597276194,12479.2377739048,5.87340981116406,17860.7908297172,4.95187198118872,4.14620530012731,5.84676908900582,3.02289109113697
433,426,426,"High Road, Willesden & Dudden Hill Lane.",45.782714040316,,3.11834792251378,9696.8890911062,3.07135431798288,8651.9867422559,4.48848827681356,12959.8586332107,5.64384162857639,7.36678572284973,3.85082253122021,2.18085418482079
435,428,428,"Victoria Road, South Ruislip + Long Drive.",28.4601272355838,,6.08101174348524,19124.9085462974,5.09033342813237,14919.4738784917,7.03899017873839,21959.9165907171,6.04377004187919,8.02522752091522,4.10815786671139,5.0101370722672
436,429,429,"Mandeville Road, Northolt.",14.4771995534115,,3.99693868624676,11965.3447748608,4.91370575850119,13970.4629724329,4.94974842114662,15688.3205117833,6.90326384511061,7.9200425375533,1.18549920580159,2.13654263246442
437,430,430,"Northolt Road, South Harrow.",35.2199293556603,,5.96135610436401,17799.9853460625,5.18117716856578,14840.1442211408,6.55936803409893,19709.9815345886,7.59339119723698,8.85147028947411,4.81113484897064,4.68932238053085
438,431,431,"Crescent Road, Alexandra Palace.",6.52962226736238,,4.62377810989686,13307.641084638,4.29658722607519,12570.4567529938,4.96711209469159,15190.9012386692,7.4195803608636,6.25538693255816,3.7542108277701,2.84557431864919
439,432,432,"Harrow Road, Kensal Green.",7.57743446456016,,3.95599244552773,11371.5341797343,3.68008572170219,10353.8010831298,4.26042279824475,12428.2611397778,6.84044479467172,6.54172440382634,4.1313343090292,2.82683112353288
440,433,433,"Kilburn Lane, Queens Park.",27.5294226644785,,4.49869222215661,12092.5790053759,4.23380209668956,12814.5845401153,4.4146685867928,12401.8622125303,8.17238115205998,7.41773110156542,3.2803700933356,2.25940652880314
442,435,435,"Westway, East Acton.",10.6127359226701,,3.36487892844415,9636.97328004595,3.12480283947587,8757.1470071075,3.87625221960941,11365.6113347551,5.90780896442748,5.29771032553601,3.55260214676537,2.65500301268037
445,437,437,"High Street + Station Lane, Hornchurch. Butts Green Road + North Street, Emerson Park.",40.7629104123125,,5.50488281673724,16600.3001734698,4.53762103459092,14341.230251804,5.49065585034132,16916.2097390561,4.31437183798958,6.5599420101872,3.34893645748831,5.19218473458378
446,438,438,"St Mary’s Lane + Corbets Tay Road, Upminster.",36.7441570505595,,9.00400720051079,27343.9854565187,7.09582885353771,21780.4903838607,8.98017980620857,28659.8477582323,7.97975312131259,8.9986303320681,5.08183906483222,6.04068772503704
447,439,439,"Balgores Lane, Station Road, Gidea Park",8.21138513127028,,8.92358195405734,28514.3119232096,8.88663061151803,26448.6412657702,8.90777548221341,28811.6599479152,6.9494421232714,9.898925132641,5.99858244632231,6.01788091063914
452,444,444,"Victoria Road, Ruislip Manor.",13.5980343185174,,8.487773803133,25668.265601329,7.33697296363078,22522.9757841769,8.43858888098894,26591.8199256362,8.07099855750539,8.89405479969335,5.6342166998141,4.78934185255073
453,445,445,Orpington Station,7.63871377522804,,8.64990406181716,26973.3348674698,8.38273714978723,26452.8894266984,8.61385323235762,26710.4755675103,8.79273934171391,9.43797747969379,7.34835363408955,6.49726472632661
454,446,446,"High Road, Ickenham.",23.8666382503492,,8.9515064815924,28067.5917371669,7.96230983693196,25428.539295984,8.94945723396078,26797.6271601392,8.94131669081239,8.05062678639173,6.24303914075397,6.82523518780599
455,447,447,"Duck’s Hill Road, Ruislip.",10.2315474877918,,7.00529269150371,21976.3653304074,6.00953949741621,17612.0251178068,6.01155646568551,18960.4062225478,7.00669061141433,7.00979603731064,6.98282025356825,7.00012414224632
456,448,448,"Uxbridge Road, Hayes",37.7019982520402,,4.59608964015235,13670.0888640135,4.23860508982902,11942.7759773417,4.98193384947546,15019.102060242,4.90308921885904,6.62069725546413,3.65480426821104,4.4357633928421
457,448,448,"Uxbridge Road, Hayes",37.7019982520402,,3.93241733009882,10618.0787209889,3.35294243683461,9986.14360782421,4.33005204288718,13036.3339214696,4.70613142512112,5.98462637566031,2.3453748910523,3.77144070056705
458,449,449,"Uxbridge Road, Hayes End",13.6607104170142,,4.49830382552501,13363.139271813,4.19725104796162,11789.8546578673,4.77986336637228,14301.1287431494,4.65324350355035,6.148363332212,3.67734984503108,4.80585147348535
459,450,450,"Uxbridge Road, Hillingdon Heath",17.2711582212845,,5.0641276526838,15129.1812449497,5.02249234577634,14326.1534860341,5.38167315972581,15613.2160142715,5.84762324545811,6.39154347687773,3.48668541354416,5.32022186167518
460,451,451,"Northfield Avenue, Northfields.",23.5818285986083,,8.24756518186376,25390.1628022944,7.92484649609476,23781.5952108236,8.59626936918759,27815.2943918852,9.96163951735652,9.25282384514006,5.30822469527635,2.66441840664375
461,452,452,"St Mary’s Road, South Ealing.",28.1808883399772,,4.40446086588755,12612.1569312029,3.67589782894642,11173.1606326929,4.31139278119995,12309.6952786861,8.8729934068534,6.35311647131761,2.73489639978674,3.58075687074725
462,453,453,"Horn Lane, Acton.",7.4706023826139,,3.81388896782733,11493.7872646898,3.21895058129121,8835.58227133904,3.94835356981884,11411.4941563904,7.00765027213537,5.57768442443727,5.21668140197034,3.92474146381491
463,454,454,"Bath Road, Cranford.",12.4461434137427,,4.92380152349252,15134.319443398,5.87912004473783,17875.2489678426,6.89568489609673,20450.0484274697,6.88229323156417,6.07939940041019,4.92555629795849,3.01642998621681
464,455,455,"Dandycombe Road, Station Parade, Kew Gardens.",14.1892631004257,,8.70506869451444,26647.9241980518,8.25617236023625,26396.2433244386,8.0907550809371,25992.511399258,9.69731671706833,9.63383034529155,5.45617596579036,3.01535540914168
465,456,456,"Kew Bridge, Hounslow",2.51390522115641,,4.9157446274257,14489.8588957244,4.74587349350849,14460.4384756513,5.77794382103112,17399.3827154529,8.40180977179312,5.69625789496759,3.44838486375642,2.57692757131085
466,457,457,"Twickenham Road, Isleworth",0.799719595174104,,5.54000660280788,16372.0640522231,5.32515829378963,16198.2813230883,5.85830910279212,18094.3396692663,7.68015044741284,6.85229441796478,3.72655353914113,3.63726332946788
467,458,458,"Long Lane, Hillingdon.",9.26320922999651,,7.79961159389295,24355.7761198408,7.5862594720956,22876.4629016048,7.60765212912347,22625.0590030149,7.87467681528988,8.12484332804652,6.49760301931886,5.69930773739275
468,459,459,"High Street, Harefield, Uxbridge",7.94559636093177,,5.91369230211743,16787.4773148434,5.00339313781622,14610.0849439125,5.02306699619696,16101.4805899506,4.89191855135229,4.0826775064799,5.99941051767666,7.07342011513425
469,460,460,"High Street, Northwood.",8.18479036617126,,7.02900210918737,21032.3160120598,5.86916325423025,17887.4755123948,6.4531079678924,19254.8755074192,8.321227076245,6.94075210264013,6.17811714490134,6.07931116356728
470,461,461,"Joel Street, Northwood Hills.",9.35742701040172,,6.6113332965866,20391.1633101011,5.66658279539334,17794.7422525582,6.28677666157778,18650.5492754738,8.20821348289208,7.17515082095303,5.79794349188544,5.6618360174907
471,462,462,"Lower Richmond Road, North Sheen.",12.7703865659265,,6.59216127649596,20794.8750172538,6.16863619965803,18884.1439821937,6.42720853812744,19562.9333063495,9.39507217001222,8.86946658428107,4.19595633187315,2.62132652701106
472,463,463,"Barnes High Street, Barnes.",12.713877177864,,7.74101832783033,24144.2351946638,6.90377191924029,21469.4189364754,7.30310601166242,22053.2241107849,9.29655309218146,9.15021115600421,4.99988338115005,3.81854729753399
473,464,464,"Sheen Lane, Mortlake.",7.83408923091541,,9.88360474049145,31203.6281336072,9.82658381117358,31067.6469129974,9.86669939911556,31887.8346937779,9.95904077608499,9.94748469132636,6.9545017294948,3.05463738153056
474,465,465,"Eastern Avenue, Redbridge Lane East, Redbridge",4.2579000363525,,6.30586436594968,19870.7784921808,6.0078832413181,17848.1996306326,8.21731635734181,24958.4859456119,8.87157536345483,9.0563680734656,2.48903060611439,3.49264840137806
475,466,466,"Francis Road, Leyton",6.81343177381993,,5.57183830090533,16693.272421432,5.18823641856665,15635.369343032,8.13530322759899,24298.3637568803,5.53551757095617,6.81779481544328,5.7431750313919,3.13305881265581
476,467,467,"Park Avenue Road, Northumberland Park",1.41807140926607,,1.63344833411195,3965.84602505684,1.54132360346609,3565.79987319972,2.12216734791344,5228.53202633798,2.75015752110789,4.33384207247516,1.69612247690549,3.34404112391753
478,469,469,"Rainham Road South, Church Elm Street, Dagenham.",27.3076782647653,,2.50085813916753,6212.05395315363,2.04837191026545,5951.93505790375,3.02983876980068,8636.89066658221,3.93747655464653,3.99384023775618,3.49436074079954,3.16363565261874
479,470,470,"High Street, Barnet.",42.9379647436481,,7.50182279014442,22885.4367632836,6.66318775891594,19981.4906129816,7.08814292595388,21676.1084312696,9.0348235319134,9.49839675512966,4.70654017460387,5.2414297668728
480,471,471,"High Road, Totteridge and Whetstone.",29.9671303407001,,8.50191767339306,24988.3902444772,7.27199320278466,22337.6958373815,8.19632298152436,24455.1547346012,9.46687794950873,9.6549693974453,5.4069397366351,5.2247820129376
481,472,472,"Archway Road, Highgate.",14.6917107308611,,5.97620442704947,17902.2077195487,7.5606702862209,22303.0875457989,7.69217075998473,22930.903768992,8.27758178347868,6.37189520383092,5.48222652193468,2.14171592264656
482,473,473,"Broadway, Rainham.",21.2922366871196,,3.04103096855024,8012.62559914771,2.04841550098256,6084.42798185546,3.03821181138123,9006.95381585974,3.01005862253902,6.9911264581415,2.03446753035738,3.05040063040545
483,474,474,"Crown Lane, Norwood",7.83497983902011,,4.03637050216935,11122.0483922626,3.83301043755291,10904.1980868713,4.5645859904503,13306.6524136636,6.37693002498207,4.77844844636665,4.26618412981092,2.3585019799969
484,474,474,"Crown Lane, Norwood",7.83497983902011,,2.1923392647714,4307.01872496063,1.25654725124992,3085.89155837391,2.23126963595409,5116.44714925949,3.31024126130083,1.36310892670952,5.83451337876088,2.9592227164675
485,475,475,"Arthur Road, Wimbledon",3.47328904700805,,8.93286645968899,27272.2755200132,8.22151707569468,26174.2986964588,9.07749306851156,28283.2050256307,9.63759521266396,9.0484243172454,6.76706213413005,3.25245932915761
487,477,477,"Station Road, New Malden",2.16768326378214,,8.42556785539686,26094.3670417241,7.65036590721805,23463.6191451705,8.66227996928064,26424.1545778049,8.89243829067644,9.38039239196869,7.08555440367089,4.16577927605383
488,478,478,"London Road & Clarkes Avenue, North Cheam",14.5665980563299,,8.79012033122626,26687.4729432968,8.14294364175589,24630.2646708602,8.474751022607,26476.0493897373,7.04456489968829,8.61595953111169,7.03990323144049,5.720770145499
489,479,479,"Waverley Way, Carshalton",6.17381885500183,,8.34731885996594,25802.9998417226,7.56812027192205,23186.3031222114,7.90212373065538,24195.7587841683,8.99675256746331,8.46960063741906,7.01803637916987,5.44600942016653
490,480,480,"Brighton Road, Purley",9.01630987734476,,6.13263512847234,19048.2190617552,6.31921900451227,19183.1079188952,6.54049849323587,20653.5025645028,7.80370735977076,7.1585051335925,6.54887793601029,5.07150501078934
491,481,481,"Godstone Road & Little Roke Road, Kenley",7.27171260492989,,7.00365915014378,22639.7410750935,7.00083751350506,22850.2668152309,7.9765240472879,25898.878516457,8.00248474387218,6.04407213758558,7.98458047999842,4.06320788485716
492,482,482,"Sanderstead Road, South Croydon",2.3416405615154,,6.32995733154938,19960.6071762218,6.99869664035536,20988.2020322001,7.25879803663267,22108.8842395513,7.50355803650303,7.22334018770735,6.68440708125322,3.61021019987263
493,483,483,"Station Road, Belmont",6.17918035664594,,9.93032255575464,30811.2523360836,8.9484885347491,28074.4928178446,8.95218871705594,28500.5399265448,8.97304068917336,8.96946495236198,8.98120863520245,6.00853522540695
494,484,484,"Main Road, Biggin Hill",16.3441141980021,,7.69287712183204,23990.2843849367,6.912149946016,20204.1609353923,7.30873423227567,22027.7113013448,6.02217792756482,8.80153096895587,6.31677066989549,8.37872240879518
495,484,484,"Main Road, Biggin Hill",16.3441141980021,,7.0084321248296,21644.6787507424,5.07442874226399,14390.8357029254,5.12882740912783,16467.1920852189,6.93796082492885,9.88675478789991,7.83094411111078,8.94145720684106
496,485,485,"Windsor Drive & Station Approach, Orpington",5.32269861304829,,8.39583326320622,26592.3838627857,7.88854372300293,24444.717517538,7.94985768336247,24550.3299521548,8.36773976195135,9.01348969793489,7.97368224490671,7.40432043213413
497,486,486,"North Street + Mill Lane, Carshalton.",14.3157078990534,,5.18395447643069,14189.2631512731,3.27112540767837,10451.7897700218,4.22432379183063,12973.4249300085,7.9788452011713,5.22883315598885,3.2104051071416,4.06390634591306
498,487,487,"Gloucester Road, Selhurst Road, Selhurst.",21.6026355833807,,3.02223026477888,7284.50190275164,2.2011967184234,6899.87247858077,3.15635968355003,8179.41522837038,4.229579683664,4.86789964555711,2.95005832943965,2.9189437911576
500,489,489,"High Street, West Wickham.",30.6768504250048,,8.72867635751721,27268.9676437901,8.64714398550279,26498.8030496962,8.75280786678701,26809.2027029353,8.67881699693182,9.4121611189099,7.59231935109102,6.39857305874391
501,489,489,"High Street, West Wickham.",30.6768504250048,,8.85388637436591,27362.4817359726,7.77297758093527,23918.9936450685,8.80247737253255,26776.3984793548,8.12079987571518,9.64223862391573,7.67149435588353,5.69698327493207
502,490,490,"Station Road North, Sidcup.",14.3220254022561,,6.12238704393534,19931.3343240094,5.15215435378222,16637.7190949981,7.07937808078964,21866.1788965886,6.06121833509218,8.03531526210185,7.97415659924349,3.14261947489679
503,491,491,"Croydon Road, Elmers End.",16.871366888959,,6.2926927887268,18842.3453215089,5.94411236824983,17673.9894823955,6.33999055147881,18981.5025938656,6.58597014197487,7.73131930806029,4.88009151249995,4.41227578929009
505,497,497,"Farnham Road, Harold Hill.",9.06759034236943,,2.33228302180333,5611.68621402393,1.71363529392898,4635.29923886121,2.30447372041309,6266.70417114912,1.68177913687399,4.69606653877492,1.44023239839739,6.72607842938557
507,494,494,"Broadway, Bexleyheath.",45.6015033684199,,5.28449197589403,16369.3272863442,5.25769129058802,15815.2692002204,5.28426763020256,16938.85190487,7.65242469458422,5.58431246454533,4.11312339900808,3.32601079906943
508,495,495,"Welling High Street + Upper Wickham Lane, Welling.",49.7111023242343,,5.66425596303274,16795.9428012358,5.20830658010757,14560.3714686254,6.59953699291436,19371.7182755209,5.06832728749837,7.5829523529127,5.10185318864881,3.12465434837854
509,496,496,"Erith High Street, Erith.",24.9505279223172,,3.0150277562631,8286.14494575512,3.00342062728965,6863.55158625576,3.01612007208334,9281.57262548435,3.97652315390862,5.96552376513004,1.11362232319508,5.97584577497464
510,498,498,"Barkingside High Street, Barkingside",25.5492519772545,,5.08712306107803,16577.8541333419,4.09998796271118,11935.1402203072,5.11672315329648,14302.6769755853,6.9690077926578,8.93914054275133,5.85497208571817,4.95220453715171
511,499,499,"High Road, Cranbrook Road + Ilford Lane, Ilford.",96.8195241606778,,3.741141781228,11325.3518927978,4.09953123381364,11647.3371141409,5.60346106652974,16370.3444141505,6.57263660722693,7.62966732972151,2.2795196260166,2.73294360726961
512,500,500,"Ealing Road, Wembley.",8.57528707694616,,4.29464672084084,12123.198353952,4.4996004942796,12698.0614907303,5.92070952356288,17995.0790331963,3.74762000387632,8.93252632711398,4.93768363786945,3.17255532415587
513,544,544,"Addington Road, Selsdon.",8.5194399363453,,7.6520138788354,23659.0319971648,7.31116408102468,22704.3383498475,7.31284244612609,22708.89881966,7.00340362278812,6.66359217900542,6.01172594872739,4.72079608224382
514,501,501,"Eastern Avenue, Gants Hill.",15.731198037534,,6.4736769946333,20194.4783327086,5.6238309498979,16716.3855536563,7.21771065924822,22571.7099948192,8.13207184257194,9.38330294963917,4.01594716061963,4.33778979322205
515,502,502,"Stratford Broadway, Stratford High Street, Leytonstone Road, Stratford",72.8829344383063,,3.83743218386082,11249.3935188142,4.73136923250321,13649.2304590953,6.35270902843468,19926.5562839069,6.81372266473957,6.35880514858441,2.99616973322749,1.78844089021748
516,503,503,"Leytonstone High Road, Leytonstone.",37.8614258661064,,4.41935786085864,12075.5566898353,4.4764814526371,14176.3044660812,5.41490731667364,17256.4688921528,7.24260606861719,5.93806970838108,2.93153532634136,2.16296569740842
517,504,504,"High Road, Leyton.",33.190334459512,,4.0008099768784,11280.7587346357,4.73911871089496,13462.7193933791,6.27799230613435,18746.6920821624,6.03148489843039,5.67959666760882,3.41903272498794,1.6404889426031
518,505,505,"High Street, Wanstead.",18.212909385869,,7.4566434899562,22876.9003070947,7.40379105550388,22329.654720021,8.79747416650362,26823.5517715064,9.28980463666749,8.47903899483938,4.75521768994687,2.81647028639548
519,506,506,"High Road, Woodford",36.0208720363875,,6.92701773835077,20860.2836245662,5.79224594233097,16954.7724049734,7.32175635067919,22458.4586173441,8.78007104771942,7.11707588348179,6.0318795777447,3.47788633985316
520,507,507,"Wood Street, Wood Street.",21.7668758085022,,3.01610657618365,8945.37804880994,3.27567071435469,9284.18566519655,3.92916451481831,11854.8897461589,4.88263083580033,5.88043977268089,3.08848335216784,2.06731865531524
521,508,508,"High Street/Hoe Street, Walthamstow",95.42861743272,,3.2622042038726,9282.35284595452,3.62777108697746,10328.6344614652,5.04102212898661,14862.241502704,6.33834200796816,5.07142700070781,2.37695458389479,2.01777679188054
522,509,509,"Church Street & Southbury Road, Enfield.",31.1432249005582,,5.75291523767854,17494.3181829184,5.31997490950616,15618.5279015522,6.12600649804598,18908.2265471101,7.27799959240133,8.42480230494561,5.74456123362772,4.18899817342449
523,510,510,Edmonton Green HS,25.3937306681204,,1.45788743559917,3858.5583631437,1.42196646274532,3179.94515329138,2.42177830619439,6036.75169005565,2.4203677934012,5.17907667003511,1.54751393746964,2.10564689973303
524,511,511,"High Road, Wood Green.",81.919059364523,,4.11598652524788,12242.4448795349,3.83586048430823,11311.2998017558,4.98388020421721,15015.3455730205,7.288088007355,5.68320719564457,3.24095288332428,2.84449238296283
525,511,511,"High Road, Wood Green.",81.919059364523,,2.3567310270862,6069.51546621804,2.30956651563628,6003.8913296264,2.93035533872275,8506.44775999127,4.93263959416298,4.63314863393383,1.57181565089217,2.89186263495486
526,512,512,"High Street, Harlesden.",24.531384913634,,1.69692993916668,3481.12138125665,1.70606169802606,3906.75099547086,2.22645628127515,5134.74774883926,2.68051280943455,4.89188071197847,1.53351207376369,1.2769989419393
530,514,514,"Coldharbour Lane, Hayes + Harlington.",33.4345216368018,,3.12456692055476,7804.42373972283,3.08470786242622,7181.5870218799,3.85895976798462,10364.9033956384,4.05749205201845,4.58195369031818,1.86098687800316,3.36158930676267
535,518,518,"Ruislip Road, Greenford.",22.7946682723772,,4.27092699022441,12726.3187613903,4.12754227426071,12912.3898266771,5.16922779419063,15657.6673677138,6.19933400185796,7.33854260637468,3.95448202880121,2.5387435707322
536,519,519,"High Street, West Drayton.",35.6577396785513,,4.76167531520392,13352.5566434996,4.01048594976443,11352.3302813047,5.77297002175414,16751.9744317391,5.59503839372468,5.87350947226466,2.03206817725511,4.95258625151156
537,520,520,"High Street and Oxford Road, Uxbridge",63.7368094001334,,5.44928493675608,16748.2404135374,4.87313677662344,14987.7229091527,5.78215471936188,18170.9904552904,7.78147322855873,6.50524193342327,4.10552992554562,4.68693699951754
539,521,521,"High Street, Ruislip.",22.1303585875824,,8.98122612374877,26615.7643268252,7.97798500981105,23196.994131473,8.97109424041501,26858.1745656907,8.95484223787133,8.98283563798524,6.0058536984965,4.0812086322081
540,522,522,"Bridge Street, Pinner.",18.9994816219392,,9.22221468347128,27876.7777450417,8.26909228897527,24946.9312375966,8.89867923794446,27839.512110135,9.77799628515449,9.79879328844,8.22683942954828,6.36868496874736
541,523,523,"Burnt Oak Broadway & Watling Avenue, Burnt Oak",30.5714556178742,,4.4170537683492,12352.8041993532,3.87661067800368,10831.812647507,5.21323560720534,15377.6882407086,5.698855285989,7.88381891893414,3.65885781231,4.14912736563298
542,523,523,"Burnt Oak Broadway & Watling Avenue, Burnt Oak",30.5714556178742,,3.229954649048,8383.27692444054,2.32962105759876,6770.09444689937,4.28316976648759,12066.8222776135,4.2180710660415,6.31533128435252,2.1937491967212,4.01772560728644
543,524,524,"Station Road + College Road, Harrow",61.6283427439526,,5.08274334020423,15621.6665545704,4.27933818506463,12123.8005224095,6.25476358318073,18941.5628794979,9.36446764161133,7.85340897612753,3.74857556299827,3.65452669610784
544,525,525,"High Street, Wealdstone.",19.2780093432165,,4.85384121010918,13744.6084337405,3.95498779615983,10726.4164087716,5.06559830365281,14662.6953485173,6.81234515997848,8.12705263982642,5.05072460928704,5.53306818651181
545,526,526,"Pinner Road, North Harrow.",13.566718890854,,7.04541291190471,21634.1341206116,5.2404761187573,15073.3848671006,6.94381307930241,20764.4404386914,9.10152907386359,9.41476131771033,6.74204618840387,5.99617923309194
546,527,527,"Alexandra Avenue, Rayners Lane.",18.0727916754858,,7.542140436862,22710.5742208336,6.19914801574674,18686.4415900548,7.87928299966594,23223.5013192896,8.62356935692979,9.55278730356236,6.80515564799529,5.33171383393042
547,528,528,"Field End Road, Eastcote.",18.227024766188,,9.02429866758161,28662.1841992256,8.04107633249226,26000.2236270326,9.86119325449496,29799.7612583253,9.86127197001314,9.00529128133963,4.27317953402039,6.06858386502921
551,530,530,"High Street, Feltham.",49.9047168969172,,3.3647305647523,10379.7356751251,4.00485315108467,10950.1135195264,5.00724919804133,15125.9475158708,4.63374292802335,4.7211743465186,3.98187953250636,3.02997614534647
552,531,531,"High Street & Staines Road, Hounslow Central.",99.3222960364814,,4.33150150334522,12570.879617864,5.52066449412711,16376.5778944231,7.07489415345137,21044.4318152083,8.78082970652194,6.96434145764663,2.6349530381833,1.84717566905258
553,532,532,"Richmond Road, York Street, King Street, Heath Road + The Green, Twickenham",50.0367716052538,,9.07394280820669,28408.7297151678,9.65350088136078,29174.8590277275,9.4634388014307,28809.8983048577,9.97778154592514,9.86218505776843,6.28812093333094,2.71902328182036
554,533,533,"High Street, Eden Street + Wood Street, Kingston. Kingston Hill, Norbiton.",121.372924448945,,7.12888894841551,21741.721319183,6.90681741564918,20756.533774781,8.29912610928223,24946.57829918,8.88716080735741,9.09284271109342,5.6530157217159,2.73196839336874
555,534,534,"High Street, Teddington.",38.0468604649365,,9.83021165371324,30947.2834326957,9.729625048932,30404.1755372219,9.75262916189869,30124.9637840991,9.9447855177637,9.90813822951766,7.93244143901467,4.25920132826329
556,535,535,"George Street & The Quadrant, Richmond.",40.0925999378281,,8.97079528802122,28475.0180199129,9.84634168965846,29612.9273435011,9.91099731537902,31305.9055511397,9.97731669674464,9.96969162248561,5.00984783102025,3.019636247618
557,536,536,"Upper Richmond Road, North Sheen.",28.2075056896972,,8.9757544032486,28233.7693848157,7.57173181694975,23868.9512633641,8.51623057926975,27295.8711127399,9.95987734925497,9.95705696565885,7.85519784145298,3.02298285632504
559,538,538,"London Road (Western Road), Mitcham",25.3767436605231,,3.11850930469454,9476.74519027324,3.47929773277772,8972.70047194045,4.0667688037559,11433.3628343001,4.98089368035608,4.15827465843349,2.58596002265372,3.02477765259978
560,539,539,"High Street, Bromley",73.667718015997,,6.04524851123581,17451.8139251009,5.37691978806046,15540.3590035806,6.07573177444641,17747.0392134926,8.63875436803207,8.00459159758323,3.78218515343025,3.41590499367702
561,540,540,"High Street & Portland Road, Norwood.",34.4449159903967,,2.97712656491952,7016.99591618499,2.91723917647173,8187.8488464894,3.85499445786505,9729.96214434278,5.04794708838239,4.91904842397433,2.19955302391063,1.34482558878202
562,541,541,"White Horse Road + Windmill Road, Lower Addiscombe Road, North End, Croydon.",222.434850358065,,2.35295069648103,5730.28419793487,2.5352520260192,6362.21683042862,3.19081324857489,8739.0315848747,5.04381146854177,3.78567144920806,2.00275359864707,2.03686612456421
563,542,542,"High Street, Orpington.",33.262244984875,,6.88225225887844,20066.6560156091,5.94956449947756,19433.9007184862,6.90821069115526,20612.1064838514,8.77720990655472,9.87308792819145,4.89755148008228,2.2504331899794
564,543,543,"High Street, Purley.",26.1686835182963,,4.10714749329734,12761.62501018,4.11064089924116,11319.5477591122,4.1110280732381,12856.7378489185,6.10155235450385,6.04810005806428,3.1342025767711,4.06831115859793
565,545,545,"London Road, Morden.",16.1935500905584,,6.36079687672333,19088.1087989197,5.70508939259668,17003.6420918725,7.06834733946191,21339.3739482006,7.72980085884022,8.04699270408972,4.63638285559923,2.75886609209434
571,551,551,"High Street, Sidcup.",18.5216499093246,,6.94862952272188,21910.0954760793,5.96723945226038,19001.4976926813,7.86995028616661,24463.0911037023,6.07406320964069,7.94522261024764,5.11529305323877,5.12000001950336
572,552,552,"Crayford High Street, Crayford.",29.8871591460946,,5.58112121549741,16841.8445450004,5.63190853137167,16676.9095484674,5.7181443609921,17025.1099333057,4.40817508099706,7.37611300260949,4.75118003403903,4.38831220558312
573,553,553,"Barking Road (Silvertown Way), Canning Town.",21.5653573217056,,2.06190179620635,4762.78618497804,2.09547659845025,5458.94806584773,2.34582088892436,6272.10451096249,4.91721364594762,4.10909410987515,1.13645691137264,2.9118216546371
577,558,558,"North Street, Barking.",41.6679377607366,,2.99545233727856,7017.67585551423,2.68578018563361,7581.21181924552,4.65111701104069,13492.2204257269,6.54798453175643,4.38174595445567,1.73892066237337,2.69842280776266
578,559,559,"Green Street and Plashet Road, Upton Park",41.5998180612544,,2.96262656391059,8136.56650479219,2.97311429685304,9067.41519247768,5.04089181708563,14129.0037830989,5.09076593503453,5.9778809446158,2.68906676547082,2.47284458653484
579,560,560,"Station road, Chingford.",16.095965671057,,6.50890892446916,19085.8622633559,6.48044224669818,19428.1965833282,7.05620228557013,21326.3095378352,6.80755345755159,7.0914510741335,3.74106846432894,4.13406049828181
580,561,561,"High Road, Woodside Park.",33.9960067081729,,6.01882687314111,18989.4250420755,5.02593154746661,15334.8880844761,6.21518454588077,17945.1085565974,9.17828180897757,8.76615642893214,5.52855183609221,2.97126638177567
581,562,562,"Ballards Lane, Finchley.",20.0235350335853,,7.13814954208307,22145.2993119668,6.28240100873906,18851.8641140588,7.30789565041721,22740.8824012412,9.28266272350074,9.79563043650871,5.54349005389463,4.22335311202953
582,563,563,"The Broadway, Stanmore.",10.4036122043518,,6.83588777524549,20082.6481346932,5.79776489056868,16796.0488158472,6.8955114766482,20256.2902667702,8.66319168800756,9.705116423231,6.89052315263516,5.60230344972848
590,599,599,"Chiswick High Road, Chiswick",48.2340382209947,,6.66477051518286,20558.6466364646,6.34183013533437,20042.4922400756,8.28078214981771,25656.5096505753,9.32272229573553,7.68278265080491,4.0354829262879,2.35186239441837
591,600,600,"Maple Road, Green Lane & High Street, Parish Lane, Penge",55.6283741503436,,4.04672876566658,11478.0033572272,3.46144460806888,9900.21630483046,4.43501186118633,12984.9315773461,6.06156343280453,6.65319564007095,2.66674980416526,2.63920506454617
593,567,567,"Central Parade, New Addington.",8.79785558679136,,2.57397980155386,7259.05057973542,2.6628241097788,7149.94846985064,2.86492964104897,7895.9242840939,2.08735294420834,3.67909144660821,3.6665566138615,6.42826745997828
594,568,568,"Brighton Road, Smitham.",15.8853421311973,,4.25481782086681,12625.5802321817,4.26794894372756,12138.2216294132,3.33098371616465,10811.8962533361,7.08976662709333,5.21182823797491,4.12840772094788,3.24058167602057
595,569,569,"Carshalton Road, High Street, Sutton.",65.292363882611,,4.53522752893515,12482.9567935427,2.98258247591956,9146.1681090633,4.66716966319354,13687.4649989039,5.62065416068002,4.6196091978373,5.15926917963361,4.64107039878937
596,570,570,"Stafford Road, Wallington.",35.6235407807378,,5.51601112185831,16095.8430424804,4.52561859804691,12723.8130171555,5.45702210632237,15643.37761515,7.92324310705798,5.61776094461383,5.54301590403571,2.60285224118153
597,571,571,"Wrythe Lane, St Hellier.",9.08503033466915,,3.1362913639335,9572.02325998142,3.06278527396586,8767.42268507131,3.84185356390413,10506.9436053164,3.27093311508976,5.05068432412225,3.6817799401711,3.07683748838127
598,572,572,"High Street, Cheam.",14.0799954618372,,8.02338026525973,25552.5622550046,7.04434613177794,21016.5538881523,7.07494923010015,22608.1523114135,8.97653354086491,8.94437829869485,8.90220753856354,4.09630578118753
599,573,573,"Tolworth Broadway + Ewell Road, Tolworth.",15.649691077474,,7.4385576100719,22867.1857550366,6.95766046175168,21461.651021792,7.65959155102563,23430.229598289,8.3020562115037,8.62907989624678,5.55021852012047,3.99312036824452
600,574,574,"Brighton Road + Victoria Road, Surbiton.",19.0067758415217,,7.03255263049836,22224.8034216572,7.51505903028542,22412.1536934756,7.07237258658162,21754.7134249345,9.01030952905714,7.53897292712325,7.45948978559667,3.48246239746616
605,579,579,"Uxbridge Road, Hanwell.",26.6313586994114,,4.54544421610945,13120.9518972009,4.03777971225113,11794.9727031863,4.56336454540864,13588.7662838318,8.01458607120322,5.56691318713557,5.04417764627023,2.0571823208694
606,580,580,"High Road, Wembley.",54.8886716614178,,3.28481466676648,9104.61899341815,3.32802287127533,10402.5211453855,5.55577355575602,15905.989860839,5.69777228510048,8.791327761111,1.4597423013342,2.29380044486417
608,582,582,"Westow Hill & Church Road, Crystal Palace.",18.7822712592425,,4.32654069206495,12678.1331707556,3.93944578293646,11115.7762473127,4.93506034045699,14854.5182573979,7.65315122062765,6.2438051777549,3.30620480165208,2.64392819284671
610,584,584,"High Street, Thornton Heath. White Horse Road, Selhurst.",37.4700204582802,,2.79020751001923,7206.19217237147,2.70632722680447,7179.37176924739,3.59987694526639,9468.54391143255,4.54929473093086,4.27700175183905,2.54082861526084,2.65758813314419
611,584,584,"High Street, Thornton Heath. White Horse Road, Selhurst.",37.4700204582802,,2.31075639417599,4918.58487255393,1.8025451448536,5014.51366957733,2.66374696232505,7149.34358067572,4.26104574340407,2.91669042724864,2.00070190621103,2.86159906471574
612,585,585,"Ealing Road, High Street, Brentford.",51.5891603393155,,4.13673060719492,11322.8883402202,3.55411691589151,9969.87473614734,4.45680282657769,13626.0254535733,7.24626260727487,4.82474846736341,2.00063506252521,4.55558328915188
627,605,605,"The Broadway, Wimbledon",44.8493235740804,,9.7599466755158,30081.6797127243,9.75854385611696,30284.4223497814,9.81089582438787,31423.355903982,9.95001857992337,9.75997568915523,8.46225103181315,3.10649230047552
628,606,606,"High Street, Colliers Wood",32.3723414280018,,6.13222437441494,19536.5401637517,6.61679189192607,20734.2285122245,9.44569459978978,28642.9842605528,9.60171252669113,7.5286170371625,4.38163789347888,1.36999677140599
631,609,609,"Lea Bridge Road/High Road, Leyton",67.408489311362,,2.63843521685408,6720.81690758121,2.77452418800261,7213.4189896973,4.14680449275533,11989.4355561467,3.87721341389768,4.4386941292044,2.43662877906442,1.53519685837357
635,613,613,"Seven Sisters Road & Blackstock Road, Finsbury Park & Stroud Green Road, Stroud Green",44.3265637375391,,2.39625371552186,6578.41479669254,2.63592138948489,6318.36982804594,3.16248154876705,8213.7408643295,6.81991963249734,3.17402972991394,1.14959397430102,2.29757020049235
637,615,615,"Kingston Road, South Wimbledon",29.2085399187699,,8.3665579944498,26147.7014991268,8.73466033830402,26453.184242673,9.78522584879729,29959.1578239343,9.89044335981082,7.93109065629331,6.01164688839384,2.54020411586435
638,616,616,"High Street, New Malden",54.8886716614178,,7.77692188700142,23215.6040564493,6.17747961763148,18797.3133593692,8.02928303898293,24441.1748880126,8.49836252348348,9.69970021387726,6.16001710732699,3.77127719702472
